Locality,2010_x,2011_x,2012_x,2013_x,2014_x,2015_x,2016_x,2017_x,2018_x,2019_x,2020_x,change 2010-2020,Growth PA,2010_y,2011_y,2012_y,2013_y,2014_y,2015_y,2016_y,2017_y,2018_y,2019_y,2020_y
Abbotsford,736000,730000,714000,792500,862500,925000,1187500,1280000,1192500,1050000,1205000,64,5.1,$410 ,$427 ,$450 ,$450 ,$450 ,$430 ,$450 ,$450 ,$475 ,$495 ,$490 
Albert Park,1167500,1390000,1265000,1360000,1503000,1700000,1775000,2150000,2070000,1980000,1890000,62,4.9,$425 ,$440 ,$460 ,$465 ,$470 ,$495 ,$500 ,$531 ,$560 ,$560 ,$585 
Alphington,1000000,985000,1000000,1080000,1029000,1296500,1272500,1560000,1720000,1592500,1857500,86,6.4,$310 ,$320 ,$330 ,$340 ,$350 ,$345 ,$365 ,$375 ,$400 ,$445 ,$440 
Altona,628500,575000,570000,575000,646500,718000,825000,950000,932500,890000,927500,48,4.0,$320 ,$330 ,$330 ,$340 ,$350 ,$356 ,$370 ,$380 ,$400 ,$400 ,$400 
Armadale,1800000,1615000,1500000,1675000,1750000,2172500,2367500,2300000,2341500,2495000,2575000,43,3.6,$360 ,$380 ,$385 ,$395 ,$395 ,$398 ,$400 ,$440 ,$490 ,$480 ,$500 
Ascot Vale,750000,735000,701500,735000,810000,885000,1010000,1180000,1197500,1088500,1275000,70,5.4,$350 ,$375 ,$390 ,$390 ,$380 ,$390 ,$400 ,$410 ,$440 ,$450 ,$430 
Ashburton,985000,890000,870000,1000000,1200000,1435000,1567500,1812500,1712500,1641500,1590000,61,4.9,$357 ,$360 ,$390 ,$400 ,$395 ,$401 ,$430 ,$438 ,$460 ,$461 ,$460 
Aspendale,637500,630000,610000,620000,690000,795500,891000,1125000,980000,994000,1115000,75,5.7,$320 ,$350 ,$355 ,$353 ,$370 ,$380 ,$390 ,$400 ,$420 ,$440 ,$440 
Avondale Heights,576000,538000,536000,532500,560000,650000,750000,845500,830000,810000,840000,46,3.8,$330 ,$350 ,$350 ,$360 ,$370 ,$370 ,$385 ,$395 ,$410 ,$420 ,$410 
Balwyn,1450000,1363000,1295000,1530000,1780000,2210000,2180000,2340000,2420000,2392500,2260000,56,4.5,$420 ,$450 ,$450 ,$460 ,$460 ,$495 ,$500 ,$500 ,$520 ,$540 ,$550 
Bayswater,453500,447500,426500,458500,525000,632500,693000,800500,753000,720000,746500,65,5.1,$290 ,$316 ,$320 ,$320 ,$335 ,$345 ,$350 ,$360 ,$380 ,$390 ,$390 
Beaumaris,1107500,1050000,997000,1074000,1129500,1345000,1455000,1611000,1674000,1587500,1705000,54,4.4,$475 ,$488 ,$500 ,$495 ,$500 ,$495 ,$525 ,$525 ,$550 ,$595 ,$585 
Bentleigh,910000,882000,820000,900000,1050000,1245000,1380000,1470000,1394000,1380000,1505000,65,5.2,$380 ,$395 ,$400 ,$400 ,$420 ,$430 ,$440 ,$460 ,$485 ,$500 ,$500 
Berwick,450000,440000,451000,453000,487500,535000,583000,670000,690500,671000,701500,56,4.5,$330 ,$350 ,$350 ,$350 ,$360 ,$365 ,$380 ,$390 ,$400 ,$395 ,$400 
Blackburn,850000,786000,750000,860500,936000,1200500,1241000,1410000,1370500,1305000,1404000,65,5.1,$355 ,$370 ,$380 ,$380 ,$385 ,$390 ,$405 ,$410 ,$430 ,$445 ,$440 
Boronia,450000,440000,430000,459500,500500,592500,648500,735000,742500,684000,715000,59,4.7,$310 ,$320 ,$330 ,$330 ,$340 ,$350 ,$350 ,$360 ,$380 ,$390 ,$390 
Box Hill,874000,975000,852000,855000,1067000,1350000,1360500,1752500,1700000,1536500,1470000,68,5.3,$340 ,$350 ,$360 ,$350 ,$360 ,$375 ,$395 ,$400 ,$430 ,$450 ,$450 
Brighton,1810000,1730000,1789500,1802500,1940000,2302500,2740000,3050000,2888000,2662500,3065000,69,5.4,$550 ,$583 ,$590 ,$635 ,$600 ,$630 ,$600 ,$595 ,$650 ,$650 ,$680 
Brighton East,1255000,1100000,1075000,1230000,1300000,1600000,1750000,1900000,1890000,1700000,1950000,55,4.5,$520 ,$590 ,$600 ,$578 ,$575 ,$600 ,$620 ,$655 ,$670 ,$700 ,$750 
Broadmeadows,384000,357000,320000,325000,345000,370000,416500,546000,575000,526000,555000,44,3.7,$300 ,$310 ,$315 ,$310 ,$320 ,$325 ,$330 ,$345 ,$360 ,$370 ,$370 
Brunswick,710000,670000,673000,750000,815000,860500,946000,1200000,1095000,1036500,1100000,55,4.5,$350 ,$370 ,$395 ,$400 ,$400 ,$400 ,$420 ,$440 ,$450 ,$470 ,$475 
Bulleen,728000,722500,707000,780000,861000,1095000,1170000,1300000,1230000,1105000,1178500,62,4.9,$390 ,$400 ,$400 ,$415 ,$430 ,$440 ,$450 ,$450 ,$480 ,$490 ,$480 
Bundoora,500000,490000,485000,530000,553500,600500,651000,753000,730000,730000,744000,49,4.1,$330 ,$350 ,$350 ,$340 ,$350 ,$350 ,$360 ,$370 ,$390 ,$400 ,$400 
Burwood,778000,799000,765000,780000,921000,1190000,1219000,1357000,1320000,1165500,1277500,64,5.1,$357 ,$360 ,$390 ,$400 ,$395 ,$401 ,$430 ,$438 ,$460 ,$461 ,$460 
Burwood East,678000,630000,617000,685500,782000,982500,1021000,1126500,1048000,1020000,1050000,55,4.5,$360 ,$380 ,$385 ,$388 ,$395 ,$410 ,$420 ,$420 ,$450 ,$450 ,$460 
Camberwell,1345000,1322000,1300000,1382000,1655000,1912500,2090000,2300000,2155000,2085000,2060000,53,4.4,$380 ,$400 ,$420 ,$420 ,$420 ,$430 ,$440 ,$450 ,$490 ,$500 ,$500 
Canterbury,1827500,1730000,1790000,1950000,2100000,2523000,2620000,3140000,2536500,2902500,2700000,48,4.0,$405 ,$410 ,$420 ,$425 ,$450 ,$440 ,$450 ,$475 ,$490 ,$520 ,$520 
Carlton,900000,1055000,860500,1002500,1020000,830000,1050000,1470000,1600000,1308000,1415000,57,4.6,$340 ,$340 ,$340 ,$346 ,$351 ,$361 ,$370 ,$395 ,$410 ,$440 ,$400 
Carlton North,930000,833000,940000,890500,1095000,1177500,1360000,1628000,1445000,1555000,1500000,61,4.9,$440 ,$460 ,$500 ,$490 ,$510 ,$530 ,$530 ,$540 ,$560 ,$577 ,$590 
Carnegie,880000,905500,845000,865000,1007500,1300000,1348500,1509000,1445000,1313500,1420000,61,4.9,$318 ,$330 ,$345 ,$350 ,$350 ,$360 ,$380 ,$400 ,$420 ,$435 ,$440 
Carrum,500000,492500,499000,510000,536000,611000,750000,835500,860000,770000,830000,66,5.2,$320 ,$350 ,$355 ,$353 ,$370 ,$380 ,$390 ,$400 ,$420 ,$440 ,$440 
Carrum Downs,330000,345000,334000,330000,346000,370000,430000,525000,575000,537000,576000,75,5.7,$283 ,$300 ,$310 ,$315 ,$320 ,$330 ,$340 ,$350 ,$365 ,$370 ,$375 
Caulfield,1180000,1150000,1085000,1172500,1322000,1650000,1715000,1914000,1701000,1762500,1811000,53,4.4,$360 ,$380 ,$395 ,$390 ,$390 ,$400 ,$410 ,$440 ,$450 ,$470 ,$480 
Chadstone,670500,625000,595000,719000,823500,925000,1017500,1131000,1050000,958000,1105000,65,5.1,$360 ,$370 ,$375 ,$380 ,$390 ,$400 ,$410 ,$430 ,$450 ,$460 ,$460 
Chelsea,585500,525000,545000,577500,580000,730000,890000,914000,905000,856500,965000,65,5.1,$320 ,$350 ,$355 ,$353 ,$370 ,$380 ,$390 ,$400 ,$420 ,$440 ,$440 
Cheltenham,696000,644000,635500,695000,775000,866000,940500,1171000,1105000,1035000,1160000,67,5.2,$360 ,$380 ,$390 ,$380 ,$390 ,$400 ,$420 ,$440 ,$450 ,$460 ,$470 
Clayton,650500,617000,572500,645000,750000,976000,1010500,1250000,1255000,1150000,1050000,61,4.9,$330 ,$340 ,$350 ,$345 ,$350 ,$360 ,$370 ,$380 ,$400 ,$411 ,$420 
Clifton Hill,825000,780000,801500,865000,965000,1085000,1220000,1390000,1360000,1348000,1375000,67,5.2,$430 ,$450 ,$460 ,$490 ,$495 ,$500 ,$500 ,$520 ,$550 ,$570 ,$550 
Coburg,640000,611000,594000,633000,710000,778000,876000,1000000,969000,935500,1095000,71,5.5,$350 ,$360 ,$370 ,$375 ,$380 ,$390 ,$400 ,$418 ,$440 ,$450 ,$450 
Coburg North,533000,540000,489500,538500,600000,665000,780000,821000,814000,805000,912500,71,5.5,$320 ,$340 ,$345 ,$340 ,$350 ,$350 ,$365 ,$390 ,$400 ,$420 ,$420 
Collingwood,751500,697500,734000,741000,775000,914000,920000,1205000,1110000,1060000,1158000,54,4.4,$410 ,$427 ,$450 ,$450 ,$450 ,$430 ,$450 ,$450 ,$475 ,$495 ,$490 
Craigieburn,365000,360000,350000,360000,362000,390000,425000,502500,547000,525000,567500,55,4.5,$320 ,$330 ,$330 ,$320 ,$330 ,$330 ,$340 ,$350 ,$370 ,$380 ,$390 
Cranbourne,327000,325000,313000,315000,331500,360000,406000,510000,540000,500000,520000,59,4.7,$290 ,$315 ,$325 ,$330 ,$340 ,$350 ,$360 ,$375 ,$380 ,$390 ,$390 
Croydon,465000,465000,450000,470000,525000,605000,695000,810000,792500,735000,787500,69,5.4,$310 ,$330 ,$340 ,$340 ,$350 ,$360 ,$370 ,$380 ,$400 ,$410 ,$410 
Dandenong,430000,400500,400000,405000,439000,485000,555500,619000,640000,601000,625000,45,3.8,$270 ,$280 ,$290 ,$290 ,$300 ,$300 ,$320 ,$330 ,$340 ,$350 ,$350 
Dandenong North,400000,395000,370000,390000,415500,481000,551000,633500,640000,606500,640000,60,4.8,$285 ,$300 ,$300 ,$300 ,$315 ,$320 ,$330 ,$340 ,$350 ,$360 ,$360 
Deer Park,355000,357000,345000,348000,365000,390000,441000,552500,580000,550000,580000,63,5.0,$280 ,$285 ,$290 ,$290 ,$300 ,$310 ,$320 ,$330 ,$350 ,$350 ,$360 
Doncaster,795000,770000,720000,850000,999000,1176000,1297500,1366500,1320000,1260000,1280000,61,4.9,$390 ,$400 ,$400 ,$415 ,$430 ,$440 ,$450 ,$450 ,$480 ,$490 ,$480 
Doncaster East,750000,720000,682000,789000,894500,1113500,1230000,1360000,1222000,1198000,1250000,67,5.2,$375 ,$395 ,$400 ,$410 ,$420 ,$450 ,$450 ,$465 ,$480 ,$490 ,$500 
Donvale,715000,712500,681000,735000,840000,964000,970000,1201000,1182500,1140000,1192500,67,5.2,$375 ,$395 ,$400 ,$410 ,$420 ,$450 ,$450 ,$465 ,$480 ,$490 ,$500 
Dromana,446500,455000,451000,462000,492000,552000,583000,690000,785500,715000,760000,70,5.5,$265 ,$290 ,$290 ,$300 ,$310 ,$320 ,$340 ,$360 ,$375 ,$380 ,$390 
East Melbourne,1621000,1737500,2480000,1790000,1850000,2750000,3655000,3585000,2675000,3413500,2350000,45,3.8,$410 ,$440 ,$450 ,$460 ,$470 ,$450 ,$479 ,$495 ,$500 ,$500 ,$550 
Elsternwick,1240000,1200000,1155000,1365000,1315000,1621000,1723500,2087500,1970000,1825000,2101500,69,5.4,$350 ,$370 ,$390 ,$390 ,$395 ,$400 ,$395 ,$420 ,$420 ,$450 ,$450 
Eltham,614000,625000,590500,631500,670000,750000,820000,930000,942500,925000,1000000,63,5.0,$340 ,$360 ,$360 ,$370 ,$370 ,$400 ,$400 ,$415 ,$440 ,$450 ,$450 
Elwood,1350000,1150000,1287500,1350000,1412500,1631000,1830000,1900000,2140000,1950000,2050000,52,4.3,$360 ,$380 ,$395 ,$390 ,$390 ,$400 ,$400 ,$420 ,$430 ,$450 ,$450 
Endeavour Hills,400000,400000,390000,400000,432000,496500,550000,630500,651000,620000,671000,68,5.3,$285 ,$300 ,$300 ,$300 ,$315 ,$320 ,$330 ,$340 ,$350 ,$360 ,$360 
Epping,380000,385000,365000,366500,386500,400000,455000,556000,600000,546000,576500,52,4.3,$320 ,$330 ,$330 ,$330 ,$330 ,$330 ,$345 ,$350 ,$370 ,$370 ,$375 
Essendon,952000,895000,920000,870000,942000,1228000,1365000,1402000,1682000,1448500,1485000,56,4.5,$320 ,$335 ,$350 ,$350 ,$350 ,$353 ,$370 ,$390 ,$400 ,$410 ,$415 
Fairfield,810000,800000,825000,915000,945000,1111500,1303000,1496000,1316000,1295000,1395500,72,5.6,$310 ,$320 ,$330 ,$340 ,$350 ,$345 ,$365 ,$375 ,$400 ,$445 ,$440 
Fawkner,460000,439000,406500,410000,444000,510000,587500,705000,720000,665000,710000,54,4.4,$310 ,$330 ,$330 ,$320 ,$330 ,$340 ,$350 ,$360 ,$380 ,$390 ,$400 
Ferntree Gully,449000,430500,429500,451000,505000,599000,660000,749000,732500,692000,750000,67,5.3,$310 ,$320 ,$320 ,$335 ,$340 ,$350 ,$370 ,$380 ,$400 ,$400 ,$420 
Fitzroy,805500,880000,918500,945000,1130000,1297500,1600000,1625000,1450000,1400000,1397500,73,5.7,$450 ,$470 ,$490 ,$490 ,$520 ,$500 ,$510 ,$530 ,$555 ,$595 ,$570 
Fitzroy North,900000,855000,868000,976000,1014000,1188000,1279000,1450000,1475000,1385000,1595000,77,5.9,$430 ,$450 ,$460 ,$490 ,$495 ,$500 ,$500 ,$520 ,$550 ,$570 ,$550 
Flemington,670000,655000,652000,735500,730000,830000,918000,1100000,926500,1000000,1035000,54,4.4,$365 ,$370 ,$385 ,$380 ,$390 ,$395 ,$400 ,$415 ,$420 ,$440 ,$440 
Flinders,760000,822000,710000,765000,808000,839000,1225000,1525000,1697500,1670000,2085000,174,10.6,$275 ,$300 ,$300 ,$300 ,$310 ,$320 ,$340 ,$350 ,$370 ,$385 ,$400 
Footscray,574000,568000,568000,600000,645000,690500,775000,882000,899000,812000,880000,53,4.4,$300 ,$303 ,$320 ,$320 ,$330 ,$330 ,$345 ,$360 ,$370 ,$380 ,$390 
Forest Hill,620000,560000,565000,650500,721000,892000,933500,1060000,935000,900000,986000,59,4.7,$360 ,$380 ,$385 ,$388 ,$395 ,$410 ,$420 ,$420 ,$450 ,$450 ,$460 
Frankston,367000,357000,340000,350000,372000,426000,474000,600000,605000,581000,621500,69,5.4,$270 ,$290 ,$299 ,$300 ,$300 ,$310 ,$330 ,$340 ,$355 ,$360 ,$370 
Gladstone Park,426500,385000,380000,392500,400000,460000,525000,645000,630000,636500,640000,50,4.1,$300 ,$310 ,$325 ,$320 ,$330 ,$335 ,$340 ,$360 ,$380 ,$385 ,$390 
Glen Iris,1320000,1200000,1200000,1310000,1500000,1800000,1935000,2025000,1927500,1961000,2125000,61,4.9,$380 ,$400 ,$420 ,$420 ,$420 ,$430 ,$440 ,$450 ,$490 ,$500 ,$500 
Glen Waverley,735000,718000,720000,815000,960000,1212500,1221000,1337500,1300000,1285500,1295000,76,5.8,$380 ,$400 ,$410 ,$420 ,$420 ,$440 ,$450 ,$460 ,$475 ,$500 ,$500 
Glenroy,508500,457500,437500,454000,500000,560000,600000,730000,725000,700000,740000,46,3.8,$310 ,$330 ,$330 ,$320 ,$330 ,$340 ,$350 ,$360 ,$380 ,$390 ,$400 
Greensborough,530000,519000,491000,534000,574000,635000,717000,830000,815000,798000,850000,60,4.8,$330 ,$350 ,$350 ,$340 ,$350 ,$350 ,$360 ,$370 ,$390 ,$400 ,$400 
Hampton,1295000,1282500,1200000,1270000,1340000,1650000,1800000,2022500,1905000,1900000,2000000,54,4.4,$475 ,$488 ,$500 ,$495 ,$500 ,$495 ,$525 ,$525 ,$550 ,$595 ,$585 
Hampton Park,333000,335000,320000,330000,337500,370000,410000,505000,550000,502000,539000,62,4.9,$300 ,$320 ,$330 ,$330 ,$340 ,$340 ,$350 ,$360 ,$370 ,$380 ,$380 
Hastings,355000,350000,347000,345000,368000,365000,400000,507500,519500,506000,562000,58,4.7,$275 ,$300 ,$300 ,$300 ,$310 ,$320 ,$340 ,$350 ,$370 ,$385 ,$400 
Hawthorn,1430000,1330000,1405000,1575000,1606500,1916500,2245000,2650000,2506500,2200000,2492500,74,5.7,$340 ,$350 ,$350 ,$350 ,$350 ,$365 ,$370 ,$380 ,$400 ,$410 ,$420 
Heidelberg,815000,770000,750000,772500,840500,1060000,1150000,1280000,1114000,1107500,1300000,60,4.8,$330 ,$340 ,$350 ,$350 ,$360 ,$360 ,$370 ,$390 ,$410 ,$420 ,$420 
Heidelberg West,475000,420000,400000,425500,461000,580000,630000,730500,700000,671500,713000,50,4.1,$330 ,$340 ,$350 ,$350 ,$360 ,$360 ,$370 ,$390 ,$410 ,$420 ,$420 
Hoppers Crossing,327500,328000,312500,321500,340000,365500,415000,516000,552000,526500,550000,68,5.3,$275 ,$285 ,$290 ,$290 ,$300 ,$310 ,$320 ,$340 ,$360 ,$370 ,$370 
Hughesdale,838000,740000,741500,820000,856000,1165000,1222500,1407000,1260000,1150500,1250000,49,4.1,$340 ,$350 ,$360 ,$360 ,$360 ,$385 ,$395 ,$400 ,$420 ,$430 ,$440 
Hurstbridge,491000,457500,445000,482000,482000,547500,614500,714000,731000,700000,775000,58,4.7,$330 ,$350 ,$350 ,$340 ,$350 ,$350 ,$360 ,$370 ,$390 ,$400 ,$400 
Ivanhoe,1032500,980000,907500,1100000,1203000,1125000,1400000,1515000,1600000,1580000,1630000,58,4.7,$350 ,$365 ,$390 ,$380 ,$400 ,$410 ,$420 ,$450 ,$450 ,$465 ,$460 
Ivanhoe East,1415000,1300000,1200000,1310000,1513000,1542500,1764500,1975000,1914000,1775000,2055000,45,3.8,$350 ,$365 ,$390 ,$380 ,$400 ,$410 ,$420 ,$450 ,$450 ,$465 ,$460 
Keilor,603000,570000,592500,572500,633000,703000,805000,845000,815000,836500,880000,46,3.9,$350 ,$340 ,$350 ,$365 ,$370 ,$370 ,$400 ,$400 ,$430 ,$450 ,$410 
Keilor East,580000,587500,527500,560000,599000,651000,720000,843000,830000,835000,841000,45,3.8,$330 ,$350 ,$350 ,$360 ,$370 ,$370 ,$385 ,$395 ,$410 ,$420 ,$410 
Kensington,675500,650000,650000,690000,730000,822000,908000,1019000,1020000,978000,1103500,63,5.0,$365 ,$370 ,$385 ,$380 ,$390 ,$395 ,$400 ,$415 ,$420 ,$440 ,$440 
Kew,1650000,1650000,1500000,1751000,1950000,2080000,2207500,2320000,2380000,2345000,2210000,34,3.0,$400 ,$430 ,$440 ,$450 ,$450 ,$465 ,$475 ,$490 ,$500 ,$513 ,$530 
Lalor,387000,380000,360500,365000,385000,445000,499500,625500,623500,590000,623500,61,4.9,$290 ,$300 ,$300 ,$310 ,$310 ,$320 ,$330 ,$340 ,$350 ,$360 ,$365 
Lilydale,438500,456000,420000,469000,480000,534000,633500,710500,706500,676000,720000,64,5.1,$310 ,$330 ,$340 ,$340 ,$350 ,$360 ,$370 ,$380 ,$400 ,$410 ,$410 
Malvern,1741500,1542500,1550000,1508500,1946000,2230000,2328500,2750000,2661000,2570000,2748000,58,4.7,$390 ,$395 ,$420 ,$400 ,$433 ,$450 ,$455 ,$460 ,$475 ,$500 ,$468 
Malvern East,1188000,1120000,1039000,1200000,1380000,1610000,1729000,1824000,1900000,1789000,1865000,57,4.6,$350 ,$365 ,$375 ,$369 ,$375 ,$388 ,$395 ,$410 ,$425 ,$460 ,$440 
Melton,250000,256000,250000,245000,240000,255000,280500,368500,415000,385000,390000,56,4.5,$250 ,$265 ,$270 ,$270 ,$275 ,$280 ,$295 ,$310 ,$330 ,$340 ,$345 
Mentone,680000,692500,665000,705000,810000,950000,982500,1097500,1080000,1031000,1051000,55,4.5,$320 ,$340 ,$350 ,$355 ,$360 ,$370 ,$380 ,$400 ,$420 ,$420 ,$435 
Middle Park,1512500,1345000,1420500,1587500,2125000,2317000,2238500,2370000,2685000,2775000,2652500,75,5.8,$425 ,$440 ,$460 ,$465 ,$470 ,$495 ,$500 ,$531 ,$560 ,$560 ,$585 
Mill Park,420000,410000,405000,408000,430500,480000,560000,668500,657000,653000,690000,64,5.1,$320 ,$330 ,$330 ,$330 ,$330 ,$330 ,$345 ,$350 ,$370 ,$370 ,$375 
Mitcham,635000,595000,584500,650000,730000,885500,941000,1070000,1000000,942000,1065000,68,5.3,$330 ,$350 ,$355 ,$360 ,$370 ,$370 ,$385 ,$395 ,$418 ,$425 ,$420 
Mont Albert,1310000,1310000,1177500,1316000,1490000,1863000,1921000,2100000,1990000,1690000,2200000,68,5.3,$405 ,$410 ,$420 ,$425 ,$450 ,$440 ,$450 ,$475 ,$490 ,$520 ,$520 
Montmorency,580000,560000,561000,570000,614000,732000,780500,890000,926000,856000,916500,58,4.7,$340 ,$360 ,$360 ,$370 ,$370 ,$400 ,$400 ,$415 ,$440 ,$450 ,$450 
Moonee Ponds,852500,780500,775000,830500,920000,1006000,1110500,1310000,1360000,1300000,1290000,51,4.2,$350 ,$375 ,$390 ,$390 ,$380 ,$390 ,$400 ,$410 ,$440 ,$450 ,$430 
Mordialloc,650000,660000,642500,680000,755000,850000,933000,1120000,1046500,1017500,1045000,61,4.9,$320 ,$340 ,$350 ,$355 ,$360 ,$370 ,$380 ,$400 ,$420 ,$420 ,$435 
Mornington,512000,525000,501500,525000,558000,641000,745000,800000,850000,807000,890000,74,5.7,$340 ,$360 ,$370 ,$380 ,$390 ,$405 ,$425 ,$450 ,$460 ,$490 ,$485 
Mount Waverley,806000,745000,733000,820000,950000,1268000,1265000,1416000,1320000,1270000,1296500,61,4.9,$380 ,$400 ,$400 ,$410 ,$420 ,$440 ,$460 ,$465 ,$480 ,$510 ,$510 
Mulgrave,550000,531000,533000,577500,627000,765500,786000,900500,860000,840000,834500,52,4.3,$380 ,$400 ,$410 ,$420 ,$420 ,$440 ,$450 ,$460 ,$475 ,$500 ,$500 
Murrumbeena,835000,822000,785000,870000,982500,1204000,1286000,1420000,1350000,1243000,1410500,69,5.4,$340 ,$350 ,$360 ,$360 ,$360 ,$385 ,$395 ,$400 ,$420 ,$430 ,$440 
Narre Warren,368500,365000,356000,370000,386000,430000,486500,590000,614000,589000,610000,66,5.2,$300 ,$320 ,$330 ,$330 ,$340 ,$340 ,$350 ,$360 ,$370 ,$380 ,$380 
Newport,655000,680000,630000,695000,740000,825000,950000,1080000,1059000,1055000,1100000,68,5.3,$350 ,$360 ,$390 ,$390 ,$410 ,$430 ,$450 ,$460 ,$475 ,$480 ,$495 
Noble Park,415000,410000,382000,400000,440000,510000,600000,680000,680000,625500,674000,62,5.0,$280 ,$290 ,$295 ,$300 ,$300 ,$310 ,$320 ,$330 ,$350 ,$350 ,$360 
North Melbourne,805000,750000,775000,802500,832000,926000,1200000,1390000,1182500,1352500,1135000,41,3.5,$380 ,$400 ,$390 ,$390 ,$390 ,$400 ,$400 ,$420 ,$440 ,$450 ,$455 
Northcote,822000,780000,786000,818000,935000,1008500,1190000,1325000,1345000,1303500,1413000,72,5.6,$390 ,$410 ,$430 ,$440 ,$450 ,$450 ,$450 ,$460 ,$495 ,$500 ,$500 
Nunawading,641000,585000,591500,637500,721500,880000,970000,1090000,986000,951000,1039000,62,5.0,$330 ,$350 ,$355 ,$360 ,$370 ,$370 ,$385 ,$395 ,$418 ,$425 ,$420 
Oak Park,641000,590000,540000,576500,626000,660000,822500,853500,878500,840000,903000,41,3.5,$310 ,$330 ,$330 ,$320 ,$330 ,$340 ,$350 ,$360 ,$380 ,$390 ,$400 
Oakleigh,741000,700000,645000,753500,801500,1002000,1050000,1210000,1250000,1101000,1200000,62,4.9,$360 ,$370 ,$375 ,$380 ,$390 ,$400 ,$410 ,$430 ,$450 ,$460 ,$460 
Pakenham,335000,340000,335000,335000,350000,367000,400000,470000,520000,486000,526000,57,4.6,$285 ,$300 ,$310 ,$300 ,$310 ,$320 ,$330 ,$340 ,$350 ,$350 ,$350 
Parkdale,755000,755500,677000,760000,860000,965000,1100000,1300000,1245000,1157500,1200000,59,4.7,$320 ,$340 ,$350 ,$355 ,$360 ,$370 ,$380 ,$400 ,$420 ,$420 ,$435 
Parkville,1335000,1100000,1360000,1200000,1525000,1360500,2130000,2375000,2430000,1480000,1725000,29,2.6,$340 ,$340 ,$340 ,$346 ,$351 ,$361 ,$370 ,$395 ,$410 ,$440 ,$400 
Pascoe Vale,609000,575000,540000,580000,655000,720000,805000,891000,901000,855000,930000,53,4.3,$320 ,$340 ,$345 ,$340 ,$350 ,$350 ,$365 ,$390 ,$400 ,$420 ,$420 
Pascoe Vale South,655000,612500,627500,645500,701000,745000,840000,975000,955000,950000,1006000,54,4.4,$350 ,$360 ,$370 ,$375 ,$380 ,$390 ,$400 ,$418 ,$440 ,$450 ,$450 
Port Melbourne,1017500,915000,960000,995000,917500,1252500,1380000,1485000,1488000,1400000,1525000,50,4.1,$490 ,$515 ,$540 ,$530 ,$530 ,$540 ,$550 ,$570 ,$600 ,$600 ,$600 
Portsea,1387500,1625000,1398000,1195000,1305000,1800000,1701000,1925000,2180000,1950000,2515000,81,6.1,$265 ,$290 ,$290 ,$300 ,$310 ,$320 ,$340 ,$360 ,$375 ,$380 ,$390 
Prahran,940000,955000,932500,990000,1175000,1350000,1430000,1525000,1578000,1520000,1632500,74,5.7,$370 ,$390 ,$400 ,$380 ,$385 ,$400 ,$400 ,$410 ,$440 ,$440 ,$450 
Preston,615000,602000,580000,632500,690000,791000,882000,996000,980000,940000,1026000,67,5.3,$330 ,$350 ,$350 ,$355 ,$360 ,$370 ,$380 ,$395 ,$413 ,$430 ,$420 
Research,614500,657000,622500,605500,685000,686000,825500,950000,915000,937500,1179000,92,6.7,$340 ,$360 ,$360 ,$370 ,$370 ,$400 ,$400 ,$415 ,$440 ,$450 ,$450 
Reservoir,520000,500000,468500,510000,541000,615000,710000,812500,790000,754000,805000,55,4.5,$300 ,$310 ,$315 ,$320 ,$320 ,$330 ,$340 ,$350 ,$370 ,$380 ,$380 
Richmond,875500,825000,823000,900000,961000,1150000,1265000,1302500,1311000,1260000,1353500,55,4.5,$438 ,$450 ,$465 ,$475 ,$470 ,$475 ,$490 ,$500 ,$515 ,$530 ,$525 
Ringwood,553500,506000,503500,551000,660000,777500,837500,910500,896500,803000,900000,63,5.0,$310 ,$321 ,$335 ,$330 ,$345 ,$360 ,$365 ,$380 ,$390 ,$400 ,$410 
Rowville,540000,527500,530000,570000,617500,710000,778000,867000,840000,820000,840000,56,4.5,$360 ,$380 ,$390 ,$400 ,$400 ,$400 ,$420 ,$440 ,$445 ,$450 ,$450 
Roxburgh Park,371000,360000,355000,365000,385000,400000,435000,515000,546000,543000,574000,55,4.5,$300 ,$310 ,$315 ,$310 ,$320 ,$325 ,$330 ,$345 ,$360 ,$370 ,$370 
Scoresby,488000,472000,480000,509000,570000,661000,700000,878500,835000,767000,785000,61,4.9,$350 ,$355 ,$365 ,$370 ,$380 ,$395 ,$400 ,$420 ,$430 ,$440 ,$440 
Seaford,412500,415000,392500,419000,450000,475000,580500,700000,695000,655000,694000,68,5.3,$283 ,$300 ,$310 ,$315 ,$320 ,$330 ,$340 ,$350 ,$365 ,$370 ,$375 
Seddon,645500,620500,670000,675000,730000,830000,934500,982500,1018500,960000,1100000,70,5.5,$350 ,$350 ,$368 ,$380 ,$395 ,$410 ,$420 ,$450 ,$460 ,$480 ,$495 
South Melbourne,960000,925000,930000,1030000,1200000,1310000,1595000,1532500,1465000,1355000,1580000,65,5.1,$470 ,$480 ,$500 ,$500 ,$500 ,$495 ,$500 ,$510 ,$520 ,$540 ,$530 
South Yarra,1375000,1125000,1238000,1352500,1450000,1700000,1890000,2035000,1851000,1850000,1977500,44,3.7,$381 ,$395 ,$405 ,$410 ,$400 ,$420 ,$440 ,$450 ,$465 ,$480 ,$475 
Spotswood,635000,602500,655000,680000,640000,795000,917500,1027500,1080000,950000,1000000,57,4.6,$350 ,$360 ,$390 ,$390 ,$410 ,$430 ,$450 ,$460 ,$475 ,$480 ,$495 
Springvale,490000,470000,448000,451500,530000,629500,685000,750000,786000,743000,778000,59,4.7,$300 ,$305 ,$320 ,$320 ,$330 ,$340 ,$350 ,$365 ,$380 ,$390 ,$400 
St Albans,385000,387000,348000,350000,373500,428000,500000,610000,626500,591000,600000,56,4.5,$280 ,$285 ,$290 ,$290 ,$300 ,$310 ,$320 ,$330 ,$350 ,$350 ,$360 
St Kilda,930000,860000,861000,892000,1225000,1164000,1305000,1551000,1755000,1600000,1296500,39,3.4,$350 ,$370 ,$380 ,$380 ,$375 ,$380 ,$395 ,$405 ,$420 ,$430 ,$430 
Sunbury,343000,360000,350000,355000,360000,370000,395000,492000,545000,533500,570000,66,5.2,$285 ,$300 ,$310 ,$310 ,$320 ,$330 ,$330 ,$340 ,$360 ,$375 ,$370 
Sunshine,458000,430000,400000,435000,483500,530500,675000,765000,735000,720000,755500,65,5.1,$270 ,$280 ,$284 ,$290 ,$300 ,$310 ,$320 ,$330 ,$340 ,$350 ,$360 
Surrey Hills,1204000,1212000,1121500,1323000,1450000,1750000,1800500,2170000,1900000,1890000,1844500,53,4.4,$405 ,$410 ,$420 ,$425 ,$450 ,$440 ,$450 ,$475 ,$490 ,$520 ,$520 
Sydenham,399000,420500,415000,425000,415000,440000,505000,590000,620000,599500,637500,60,4.8,$320 ,$330 ,$330 ,$340 ,$350 ,$360 ,$365 ,$380 ,$390 ,$400 ,$400 
Templestowe,805000,804000,811000,865000,951500,1180000,1260000,1415000,1308000,1281500,1371500,70,5.5,$390 ,$400 ,$400 ,$415 ,$430 ,$440 ,$450 ,$450 ,$480 ,$490 ,$480 
Thomastown,418000,400000,365000,390000,420000,436000,493000,653000,637000,593500,622000,49,4.1,$290 ,$300 ,$300 ,$310 ,$310 ,$320 ,$330 ,$340 ,$350 ,$360 ,$365 
Thornbury,720000,690000,715500,729000,840000,918000,1079500,1225000,1137500,1150000,1250000,74,5.7,$300 ,$300 ,$340 ,$330 ,$340 ,$350 ,$365 ,$370 ,$410 ,$420 ,$420 
Toorak,2590000,2617500,2775000,2875000,3391000,3987500,4900000,5100000,4700000,4550000,5200000,101,7.2,$400 ,$410 ,$450 ,$440 ,$450 ,$450 ,$465 ,$475 ,$500 ,$500 ,$525 
Tullamarine,440000,420000,393500,395000,412000,472500,530000,655000,665500,612000,628000,43,3.6,$300 ,$310 ,$325 ,$320 ,$330 ,$335 ,$340 ,$360 ,$380 ,$385 ,$390 
Vermont,610000,552500,571000,610000,725000,855000,900000,1065000,980000,937000,1000000,64,5.1,$360 ,$380 ,$385 ,$388 ,$395 ,$410 ,$420 ,$420 ,$450 ,$450 ,$460 
Wantirna,545000,528000,515000,576000,667500,764000,801000,953000,915000,860000,910500,67,5.3,$350 ,$355 ,$365 ,$370 ,$380 ,$395 ,$400 ,$420 ,$430 ,$440 ,$440 
Werribee,308500,315000,300000,309000,315000,335000,403000,470000,510000,505000,523000,70,5.4,$275 ,$285 ,$290 ,$290 ,$300 ,$310 ,$320 ,$340 ,$360 ,$370 ,$370 
West Footscray,558500,525000,532500,553000,637500,697000,798000,887500,875000,785000,835000,50,4.1,$300 ,$310 ,$320 ,$320 ,$330 ,$330 ,$350 ,$360 ,$380 ,$390 ,$410 
West Melbourne,816000,885000,720000,905000,916000,1005000,1104500,1350000,1370000,1017500,1215000,49,4.1,$380 ,$400 ,$390 ,$390 ,$390 ,$400 ,$400 ,$420 ,$440 ,$450 ,$455 
Whittlesea,345000,372500,365000,375000,375000,400000,448500,469500,577500,580000,610000,77,5.9,$330 ,$350 ,$335 ,$330 ,$330 ,$340 ,$340 ,$350 ,$370 ,$380 ,$390 
Williamstown,884000,900000,901000,920000,970000,1120000,1282500,1440000,1415000,1350000,1370000,55,4.5,$380 ,$420 ,$430 ,$450 ,$450 ,$450 ,$480 ,$490 ,$495 ,$515 ,$530 
Windsor,900000,824000,818000,835000,956500,1094000,1505000,1420000,1422500,1350000,1350000,50,4.1,$370 ,$390 ,$400 ,$380 ,$385 ,$400 ,$400 ,$410 ,$440 ,$440 ,$450 
Yarraville,647000,607000,613000,696000,710000,810000,900500,1000000,1045000,974000,1038500,61,4.8,$350 ,$350 ,$368 ,$380 ,$395 ,$410 ,$420 ,$450 ,$460 ,$480 ,$495 
