,Locality,,,,,,,,,Count 2010,Median 2010,,,,,,,,,Count 2011,Median 2011,,,,,,,,,Count 2012,Median 2012,,,,,,,,,Count 2013,Median 2013,,,,,,,,,Count 2014,Median 2014,,,,,,,,,Count 2015,Median 2015,,,,,,,,,Count 2016,Median 2016,,,,,,,,,Count 2017,Median 2017,,,,,,,,,Count 2018,Median 2018,,,,,,,,,Count 2019,Median 2019,,,,,,,,,Count 2020,Median 2020
,locality,Count,Median,Count,Median,Count,Median,Count,Median,Count,Median,Count,Median,Count,Median,Count,Median,Count,Median,Count,Median,Count,Median,Count,Median,Count,Median,Count,Median,Count,Median,Count,Median,Count,Median,Count,Median,Count,Median,Count,Median,Count,Median,Count,Median,Count,Median,Count,Median,Count,Median,,,,,,,,Median,Count,Median,Count,Median,Count,Median,Count,Median,Count,Median,Count,Median,Count,Median,Count,Median,Count,Median,Count,Median,Count,Median,Count,Median,Count,Median,Count,Median,Count,Median,Count,Median,Count,Median,Count,Median,Count,Median,Count,Median,Count,Median,Count,Median,Count,Median,Count,Median,Count,Median,Count,Median
Inner Melbourne,Albert Park-Middle Park-West St Kilda,958,$425 ,953,$425 ,977,$430 ,956,$440 ,961,$430 ,923,$440 ,913,$440 ,899,$450 ,923,$450 ,915,$445 ,965,$450 ,976,$460 ,994,$460 ,958,$470 ,973,$460 ,970,$470 ,966,$465 ,952,$451 ,"1,005",$460 ,973,$462 ,"1,013",$460 ,"1,032",$470 ,"1,019",$480 ,986,$480 ,1013,$473 ,942,$480 ,926,$495 ,913,$495 ,939,$500 ,930,$493 ,963,$520 ,972,$500 ,974,$520 ,923,$520 ,958,$515 ,911,$520 ,888,$531 ,888,$530 ,897,$530 ,896,$528 ,886,$550 ,918,$560 ,914,$570 ,924,$570 ,911,$563 ,907,$550 ,888,$560 ,861,$565 ,848,$595 ,876,$568 ,852,$600 ,826,$585 ,802,$560 ,848,$550 ,832,$574 
,Armadale,592,$360 ,604,$360 ,624,$365 ,617,$370 ,609,$364 ,649,$380 ,657,$380 ,635,$380 ,629,$390 ,643,$383 ,610,$385 ,609,$385 ,597,$385 ,607,$385 ,606,$385 ,618,$395 ,621,$395 ,633,$395 ,641,$395 ,628,$395 ,658,$390 ,676,$395 ,672,$390 ,677,$400 ,671,$394 ,681,$400 ,662,$398 ,663,$400 ,659,$400 ,666,$400 ,654,$400 ,662,$400 ,672,$400 ,658,$410 ,662,$403 ,679,$420 ,688,$440 ,831,$450 ,925,$470 ,781,$445 ,965,$480 ,987,$490 ,887,$495 ,826,$480 ,916,$486 ,795,$480 ,742,$480 ,760,$480 ,776,$485 ,768,$481 ,753,$500 ,782,$500 ,709,$500 ,729,$495 ,743,$499 
,Carlton North,488,$423 ,485,$440 ,507,$450 ,515,$450 ,499,$441 ,543,$450 ,525,$460 ,525,$470 ,521,$480 ,529,$465 ,476,$495 ,490,$500 ,499,$495 ,488,$490 ,488,$495 ,506,$480 ,522,$490 ,509,$500 ,524,$500 ,515,$493 ,546,$510 ,544,$510 ,540,$520 ,526,$520 ,539,$515 ,535,$530 ,528,$530 ,542,$530 ,561,$530 ,542,$530 ,545,$530 ,543,$530 ,530,$520 ,510,$523 ,532,$526 ,500,$530 ,485,$540 ,480,$550 ,500,$560 ,491,$545 ,500,$562 ,508,$560 ,526,$570 ,493,$575 ,507,$567 ,486,$580 ,495,$577 ,484,$580 ,520,$580 ,496,$579 ,539,$585 ,536,$590 ,520,$590 ,547,$590 ,536,$589 
,Carlton-Parkville,"3,375",$340 ,"3,356",$340 ,"3,224",$340 ,"3,176",$340 ,3283,$340 ,"3,257",$340 ,"3,337",$340 ,"3,488",$340 ,"3,565",$340 ,3412,$340 ,"3,864",$340 ,"3,783",$340 ,"3,808",$340 ,"3,885",$340 ,3835,$340 ,"3,858",$346 ,"3,848",$346 ,"3,846",$346 ,"3,775",$350 ,3832,$347 ,"4,004",$355 ,"4,163",$351 ,"4,402",$350 ,"4,530",$351 ,4275,$352 ,"4,650",$351 ,"4,851",$361 ,"4,862",$380 ,"5,119",$370 ,4871,$366 ,"5,414",$373 ,"5,222",$370 ,"5,216",$370 ,"4,972",$380 ,5206,$373 ,"4,617",$395 ,"4,618",$395 ,"4,753",$400 ,"4,772",$400 ,4690,$398 ,"4,480",$410 ,"4,409",$410 ,"4,386",$420 ,"4,414",$428 ,4422,$417 ,"4,328",$439 ,"4,472",$440 ,"4,490",$430 ,"4,606",$420 ,4474,$432 ,"5,212",$404 ,"5,025",$400 ,"4,633",$400 ,"4,765",$395 ,4909,$400 
,CBD-St Kilda Rd,"5,630",$410 ,"5,642",$410 ,"5,709",$420 ,"5,957",$420 ,5735,$415 ,"6,231",$420 ,"6,193",$430 ,"6,061",$430 ,"6,074",$430 ,6140,$428 ,"6,232",$440 ,"6,405",$440 ,"6,570",$440 ,"6,629",$445 ,6459,$441 ,"6,932",$450 ,"7,288",$449 ,"7,616",$440 ,"7,875",$435 ,7428,$444 ,"8,337",$430 ,"8,442",$435 ,"8,787",$435 ,"9,094",$440 ,8665,$435 ,"9,873",$440 ,"9,958",$440 ,"10,439",$440 ,"10,426",$449 ,10174,$442 ,"9,988",$450 ,"9,965",$450 ,"10,059",$450 ,"10,041",$460 ,10013,$453 ,"10,423",$470 ,"10,763",$480 ,"10,694",$480 ,"10,742",$490 ,10656,$480 ,"10,447",$495 ,"10,030",$495 ,"10,225",$490 ,"10,136",$495 ,10210,$494 ,"10,546",$500 ,"10,853",$500 ,"10,844",$510 ,"10,840",$510 ,10771,$505 ,"10,907",$510 ,"11,039",$495 ,"11,325",$460 ,"13,478",$420 ,11687,$471 
,Collingwood-Abbotsford,650,$400 ,695,$410 ,693,$420 ,741,$420 ,695,$413 ,783,$420 ,769,$427 ,783,$430 ,760,$450 ,774,$432 ,721,$450 ,726,$450 ,731,$450 ,706,$450 ,721,$450 ,713,$450 ,724,$450 ,857,$470 ,"1,028",$470 ,831,$460 ,"1,314",$450 ,"1,483",$450 ,"1,695",$430 ,"1,715",$425 ,1552,$439 ,"1,619",$430 ,"1,634",$430 ,"1,693",$440 ,"1,872",$440 ,1705,$435 ,"2,183",$440 ,"2,208",$450 ,"2,096",$450 ,"2,067",$450 ,2139,$448 ,"1,976",$450 ,"1,989",$450 ,"1,919",$460 ,"1,872",$473 ,1939,$458 ,"1,844",$480 ,"1,846",$475 ,"1,881",$475 ,"1,868",$485 ,1860,$479 ,"1,913",$490 ,"1,909",$495 ,"1,921",$495 ,"2,038",$500 ,1945,$495 ,"1,952",$500 ,"1,993",$490 ,"1,990",$480 ,"2,090",$460 ,2006,$483 
,Docklands,"1,171",$500 ,"1,156",$500 ,"1,130",$501 ,"1,104",$510 ,1140,$503 ,"1,046",$530 ,"1,006",$540 ,"1,061",$530 ,"1,131",$530 ,1061,$533 ,"1,266",$530 ,"1,341",$530 ,"1,587",$510 ,"1,730",$500 ,1481,$518 ,"1,762",$500 ,"1,848",$500 ,"1,769",$510 ,"1,795",$500 ,1794,$503 ,"1,999",$500 ,"1,968",$500 ,"1,887",$495 ,"1,781",$500 ,1909,$499 ,"1,615",$500 ,"1,699",$500 ,"1,699",$500 ,"1,676",$510 ,1672,$503 ,"1,774",$520 ,"1,745",$530 ,"1,826",$530 ,"2,050",$520 ,1849,$525 ,"2,319",$520 ,"2,443",$510 ,"2,650",$520 ,"2,806",$540 ,2555,$523 ,"2,788",$550 ,"2,757",$550 ,"2,648",$550 ,"2,411",$550 ,2651,$550 ,"2,300",$570 ,"2,349",$580 ,"2,395",$575 ,"2,364",$580 ,2352,$576 ,"2,268",$570 ,"2,229",$550 ,"2,475",$500 ,"3,010",$460 ,2496,$520 
,East Melbourne,641,$400 ,660,$410 ,650,$415 ,626,$425 ,644,$413 ,580,$430 ,580,$440 ,549,$450 ,561,$450 ,568,$443 ,549,$450 ,506,$450 ,507,$460 ,472,$468 ,509,$457 ,479,$460 ,504,$460 ,533,$460 ,557,$460 ,518,$460 ,565,$460 ,549,$470 ,517,$460 ,503,$460 ,534,$463 ,488,$465 ,509,$450 ,508,$470 ,520,$473 ,506,$465 ,499,$470 ,480,$479 ,495,$480 ,501,$475 ,494,$476 ,538,$495 ,539,$495 ,523,$495 ,495,$500 ,524,$496 ,464,$500 ,457,$500 ,475,$510 ,499,$500 ,474,$503 ,518,$495 ,544,$500 ,596,$520 ,627,$550 ,571,$516 ,635,$550 ,629,$550 ,562,$515 ,549,$495 ,594,$528 
,East St Kilda,"1,513",$330 ,"1,532",$335 ,"1,557",$345 ,"1,594",$350 ,1549,$340 ,"1,607",$350 ,"1,624",$350 ,"1,606",$355 ,"1,615",$350 ,1613,$351 ,"1,644",$360 ,"1,663",$360 ,"1,697",$360 ,"1,716",$360 ,1680,$360 ,"1,725",$360 ,"1,718",$360 ,"1,763",$360 ,"1,773",$360 ,1745,$360 ,"1,770",$365 ,"1,783",$370 ,"1,751",$370 ,"1,770",$360 ,1769,$366 ,"1,768",$360 ,"1,792",$360 ,"1,806",$365 ,"1,788",$375 ,1789,$365 ,"1,792",$385 ,"1,755",$385 ,"1,752",$390 ,"1,726",$390 ,1756,$388 ,"1,725",$400 ,"1,701",$400 ,"1,716",$400 ,"1,788",$400 ,1733,$400 ,"1,775",$400 ,"1,768",$400 ,"1,716",$410 ,"1,681",$415 ,1735,$406 ,"1,678",$420 ,"1,699",$420 ,"1,668",$425 ,"1,633",$425 ,1670,$423 ,"1,641",$425 ,"1,615",$425 ,"1,597",$420 ,"1,617",$410 ,1618,$420 
,Elwood,"1,680",$350 ,"1,699",$360 ,"1,739",$360 ,"1,776",$370 ,1724,$360 ,"1,781",$375 ,"1,768",$380 ,"1,752",$381 ,"1,704",$390 ,1751,$382 ,"1,739",$390 ,"1,753",$395 ,"1,785",$390 ,"1,786",$390 ,1766,$391 ,"1,814",$390 ,"1,828",$390 ,"1,830",$390 ,"1,895",$395 ,1842,$391 ,"1,859",$395 ,"1,832",$390 ,"1,821",$390 ,"1,888",$395 ,1850,$393 ,"1,894",$395 ,"1,911",$400 ,"1,888",$400 ,"1,801",$400 ,1874,$399 ,"1,828",$400 ,"1,798",$400 ,"1,803",$410 ,"1,778",$410 ,1802,$405 ,"1,752",$418 ,"1,747",$420 ,"1,736",$420 ,"1,729",$420 ,1741,$420 ,"1,697",$430 ,"1,642",$430 ,"1,617",$440 ,"1,566",$440 ,1631,$435 ,"1,575",$450 ,"1,639",$450 ,"1,624",$450 ,"1,636",$450 ,1619,$450 ,"1,581",$450 ,"1,557",$450 ,"1,533",$450 ,"1,592",$440 ,1566,$448 
,Fitzroy,607,$445 ,627,$450 ,648,$450 ,627,$460 ,627,$451 ,633,$460 ,688,$470 ,685,$480 ,702,$480 ,677,$473 ,685,$485 ,665,$490 ,711,$485 ,725,$485 ,697,$486 ,725,$485 ,695,$490 ,667,$495 ,676,$510 ,691,$495 ,659,$500 ,682,$520 ,692,$504 ,734,$499 ,692,$506 ,718,$500 ,702,$500 ,709,$500 ,678,$525 ,702,$506 ,787,$510 ,799,$510 ,776,$510 ,737,$525 ,775,$514 ,664,$530 ,632,$530 ,599,$530 ,614,$533 ,627,$531 ,631,$550 ,630,$555 ,657,$560 ,652,$570 ,643,$559 ,643,$585 ,647,$595 ,640,$595 ,645,$590 ,644,$591 ,607,$572 ,653,$570 ,681,$565 ,809,$550 ,688,$564 
,Fitzroy North-Clifton Hill,850,$420 ,884,$430 ,898,$440 ,888,$450 ,880,$435 ,913,$450 ,907,$450 ,886,$460 ,910,$460 ,904,$455 ,963,$460 ,"1,059",$460 ,"1,094",$470 ,"1,078",$470 ,1049,$465 ,"1,068",$480 ,"1,015",$490 ,"1,036",$490 ,"1,054",$495 ,1043,$489 ,"1,071",$495 ,"1,074",$495 ,"1,097",$495 ,"1,112",$495 ,1089,$495 ,"1,100",$500 ,"1,107",$500 ,"1,083",$500 ,"1,102",$500 ,1098,$500 ,"1,130",$500 ,"1,157",$500 ,"1,184",$500 ,"1,209",$510 ,1170,$503 ,"1,157",$510 ,"1,119",$520 ,"1,113",$530 ,"1,078",$540 ,1117,$525 ,"1,046",$550 ,"1,027",$550 ,990,$550 ,"1,003",$550 ,1017,$550 ,"1,080",$560 ,"1,108",$570 ,"1,136",$570 ,"1,122",$560 ,1112,$565 ,"1,090",$560 ,"1,071",$550 ,983,$550 ,"1,052",$550 ,1049,$553 
,Flemington-Kensington,"1,146",$360 ,"1,217",$365 ,"1,240",$365 ,"1,346",$370 ,1237,$365 ,"1,420",$370 ,"1,396",$370 ,"1,389",$380 ,"1,299",$380 ,1376,$375 ,"1,262",$380 ,"1,302",$385 ,"1,474",$380 ,"1,591",$380 ,1407,$381 ,"1,688",$380 ,"1,692",$380 ,"1,567",$385 ,"1,534",$390 ,1620,$384 ,"1,571",$385 ,"1,565",$390 ,"1,562",$390 ,"1,529",$390 ,1557,$389 ,"1,570",$395 ,"1,584",$395 ,"1,588",$395 ,"1,585",$400 ,1582,$396 ,"1,533",$400 ,"1,537",$400 ,"1,555",$400 ,"1,539",$400 ,1541,$400 ,"1,478",$410 ,"1,424",$415 ,"1,498",$410 ,"1,561",$410 ,1490,$411 ,"1,579",$415 ,"1,612",$420 ,"1,535",$425 ,"1,579",$430 ,1576,$423 ,"1,604",$430 ,"1,638",$440 ,"1,642",$445 ,"1,530",$445 ,1604,$440 ,"1,505",$445 ,"1,431",$440 ,"1,344",$440 ,"1,468",$435 ,1437,$440 
,North Melbourne-West Melbourne,"1,483",$380 ,"1,484",$380 ,"1,514",$360 ,"1,594",$380 ,1519,$375 ,"1,632",$400 ,"1,722",$400 ,"1,808",$400 ,"1,848",$400 ,1753,$400 ,"1,965",$390 ,"2,012",$390 ,"2,003",$380 ,"2,073",$375 ,2013,$384 ,"2,034",$385 ,"2,011",$390 ,"2,028",$395 ,"2,019",$400 ,2023,$393 ,"2,114",$395 ,"2,106",$390 ,"2,180",$395 ,"2,180",$400 ,2145,$395 ,"2,454",$395 ,"2,504",$400 ,"2,476",$400 ,"2,464",$395 ,2475,$398 ,"2,420",$395 ,"2,627",$400 ,"2,923",$410 ,"3,024",$410 ,2749,$404 ,"2,986",$420 ,"2,804",$420 ,"2,743",$420 ,"2,819",$430 ,2838,$423 ,"2,697",$440 ,"2,836",$440 ,"2,817",$450 ,"2,753",$450 ,2776,$445 ,"2,763",$450 ,"2,647",$450 ,"2,725",$450 ,"2,912",$450 ,2762,$450 ,"3,427",$460 ,"3,487",$455 ,"3,283",$450 ,"3,410",$420 ,3402,$446 
,Port Melbourne,"1,325",$480 ,"1,374",$490 ,"1,416",$495 ,"1,361",$500 ,1369,$491 ,"1,320",$520 ,"1,291",$515 ,"1,298",$526 ,"1,308",$530 ,1304,$523 ,"1,351",$540 ,"1,328",$540 ,"1,298",$550 ,"1,435",$540 ,1353,$543 ,"1,515",$525 ,"1,541",$530 ,"1,565",$520 ,"1,491",$525 ,1528,$525 ,"1,425",$530 ,"1,439",$530 ,"1,461",$535 ,"1,427",$530 ,1438,$531 ,"1,382",$530 ,"1,403",$540 ,"1,408",$550 ,"1,425",$550 ,1405,$543 ,"1,418",$550 ,"1,418",$550 ,"1,373",$550 ,"1,355",$560 ,1391,$553 ,"1,356",$560 ,"1,339",$570 ,"1,314",$570 ,"1,334",$590 ,1336,$573 ,"1,352",$600 ,"1,343",$600 ,"1,343",$620 ,"1,307",$615 ,1336,$609 ,"1,283",$610 ,"1,220",$600 ,"1,201",$620 ,"1,204",$620 ,1227,$613 ,"1,201",$630 ,"1,315",$600 ,"1,338",$590 ,"1,466",$590 ,1330,$603 
,Prahran-Windsor,"1,798",$370 ,"1,811",$370 ,"1,845",$375 ,"1,846",$380 ,1825,$374 ,"1,896",$380 ,"1,907",$390 ,"1,935",$395 ,"1,917",$395 ,1914,$390 ,"1,849",$400 ,"1,862",$400 ,"1,957",$390 ,"2,153",$390 ,1955,$395 ,"2,370",$385 ,"2,453",$380 ,"2,599",$380 ,"2,622",$388 ,2511,$383 ,"2,681",$385 ,"2,723",$385 ,"2,609",$390 ,"2,646",$395 ,2665,$389 ,"2,655",$400 ,"2,642",$400 ,"2,701",$400 ,"2,636",$400 ,2659,$400 ,"2,664",$395 ,"2,676",$400 ,"2,663",$400 ,"2,631",$400 ,2659,$399 ,"2,573",$400 ,"2,482",$410 ,"2,463",$420 ,"2,480",$425 ,2500,$414 ,"2,450",$430 ,"2,484",$440 ,"2,402",$435 ,"2,368",$430 ,2426,$434 ,"2,318",$435 ,"2,405",$440 ,"2,513",$450 ,"2,520",$450 ,2439,$444 ,"2,514",$450 ,"2,446",$450 ,"2,338",$450 ,"2,416",$430 ,2429,$445 
,Richmond-Burnley,"2,099",$430 ,"2,104",$438 ,"2,142",$440 ,"2,116",$450 ,2115,$440 ,"2,026",$450 ,"1,983",$450 ,"2,036",$460 ,"2,151",$460 ,2049,$455 ,"2,288",$460 ,"2,446",$465 ,"2,542",$450 ,"2,555",$460 ,2458,$459 ,"2,576",$470 ,"2,629",$475 ,"2,660",$480 ,"2,710",$470 ,2644,$474 ,"2,790",$470 ,"2,707",$470 ,"2,716",$475 ,"2,727",$480 ,2735,$474 ,"2,670",$480 ,"2,799",$475 ,"2,815",$475 ,"2,799",$480 ,2771,$478 ,"2,804",$480 ,"2,734",$490 ,"2,709",$490 ,"2,780",$490 ,2757,$488 ,"2,859",$495 ,"2,853",$500 ,"2,858",$500 ,"2,720",$518 ,2823,$503 ,"2,642",$520 ,"2,721",$515 ,"2,820",$510 ,"2,964",$520 ,2787,$516 ,"2,981",$520 ,"2,925",$530 ,"3,015",$525 ,"3,015",$525 ,2984,$525 ,"3,016",$525 ,"2,975",$525 ,"2,729",$525 ,"2,854",$500 ,2894,$519 
,South Melbourne,666,$470 ,681,$470 ,711,$470 ,711,$475 ,692,$471 ,763,$470 ,785,$480 ,767,$480 ,769,$490 ,771,$480 ,726,$500 ,742,$500 ,747,$500 ,753,$500 ,742,$500 ,821,$500 ,802,$500 ,951,$495 ,"1,151",$495 ,931,$498 ,"1,243",$500 ,"1,262",$500 ,"1,177",$500 ,"1,042",$500 ,1181,$500 ,978,$500 ,"1,078",$495 ,"1,129",$495 ,"1,108",$499 ,1073,$497 ,"1,121",$500 ,"1,053",$500 ,983,$500 ,"1,014",$500 ,1043,$500 ,"1,068",$500 ,"1,045",$510 ,"1,075",$515 ,"1,094",$520 ,1071,$511 ,"1,166",$520 ,"1,236",$520 ,"1,290",$525 ,"1,269",$530 ,1240,$524 ,"1,152",$530 ,"1,138",$540 ,"1,092",$550 ,"1,091",$550 ,1118,$543 ,"1,085",$549 ,"1,044",$530 ,"1,022",$510 ,"1,092",$490 ,1061,$520 
,South Yarra,"2,244",$380 ,"2,429",$381 ,"2,577",$390 ,"2,620",$390 ,2468,$385 ,"2,636",$395 ,"2,571",$395 ,"2,576",$395 ,"2,687",$400 ,2618,$396 ,"2,927",$400 ,"3,275",$405 ,"3,358",$410 ,"3,366",$418 ,3232,$408 ,"3,347",$415 ,"3,180",$410 ,"3,345",$410 ,"3,554",$400 ,3357,$409 ,"3,594",$400 ,"3,715",$400 ,"3,604",$410 ,"3,488",$410 ,3600,$405 ,"3,596",$415 ,"3,526",$420 ,"3,779",$420 ,"3,965",$425 ,3717,$420 ,"4,219",$435 ,"4,220",$440 ,"4,062",$440 ,"3,926",$450 ,4107,$441 ,"3,792",$450 ,"3,849",$450 ,"3,783",$450 ,"3,756",$450 ,3795,$450 ,"3,628",$460 ,"3,550",$465 ,"3,632",$470 ,"3,594",$470 ,3601,$466 ,"3,633",$475 ,"3,628",$480 ,"3,607",$490 ,"3,737",$495 ,3651,$485 ,"3,901",$485 ,"3,907",$475 ,"3,818",$450 ,"4,002",$435 ,3907,$461 
,Southbank,"1,753",$510 ,"1,740",$510 ,"1,663",$520 ,"1,664",$520 ,1705,$515 ,"1,653",$515 ,"1,693",$520 ,"1,630",$530 ,"1,695",$530 ,1668,$524 ,"1,689",$530 ,"1,694",$530 ,"1,720",$530 ,"1,738",$525 ,1710,$529 ,"2,003",$525 ,"2,474",$510 ,"2,789",$500 ,"2,806",$500 ,2518,$509 ,"2,679",$500 ,"2,430",$500 ,"2,635",$510 ,"2,818",$510 ,2641,$505 ,"2,948",$520 ,"2,945",$520 ,"2,749",$525 ,"2,873",$520 ,2879,$521 ,"3,116",$530 ,"3,245",$530 ,"3,354",$535 ,"3,165",$540 ,3220,$534 ,"2,995",$540 ,"2,885",$540 ,"2,658",$540 ,"2,760",$540 ,2825,$540 ,"2,926",$540 ,"3,175",$540 ,"3,521",$540 ,"3,522",$545 ,3286,$541 ,"3,425",$550 ,"3,269",$550 ,"3,290",$550 ,"3,408",$560 ,3348,$553 ,"3,550",$551 ,"3,866",$528 ,"4,430",$470 ,"5,286",$430 ,4283,$495 
,St Kilda,"2,568",$350 ,"2,582",$350 ,"2,632",$350 ,"2,667",$360 ,2612,$353 ,"2,645",$360 ,"2,612",$370 ,"2,695",$370 ,"2,694",$380 ,2662,$370 ,"2,781",$380 ,"2,831",$380 ,"2,820",$380 ,"2,935",$380 ,2842,$380 ,"2,918",$380 ,"3,042",$380 ,"3,088",$380 ,"3,074",$380 ,3031,$380 ,"3,137",$380 ,"3,078",$375 ,"3,054",$380 ,"3,052",$380 ,3080,$379 ,"3,058",$380 ,"3,037",$380 ,"2,986",$380 ,"2,945",$380 ,3007,$380 ,"2,998",$390 ,"3,108",$395 ,"3,202",$400 ,"3,171",$400 ,3120,$396 ,"3,207",$400 ,"3,168",$405 ,"3,055",$410 ,"3,006",$415 ,3109,$408 ,"2,884",$420 ,"2,796",$420 ,"2,817",$420 ,"2,839",$420 ,2834,$420 ,"2,804",$425 ,"2,868",$430 ,"2,854",$430 ,"2,923",$430 ,2862,$429 ,"2,928",$430 ,"2,893",$430 ,"2,821",$420 ,"2,947",$400 ,2897,$420 
,Toorak,708,$400 ,699,$400 ,716,$400 ,755,$400 ,720,$400 ,768,$400 ,772,$410 ,775,$420 ,789,$430 ,776,$415 ,787,$445 ,790,$450 ,739,$450 ,726,$450 ,761,$449 ,767,$440 ,791,$440 ,847,$445 ,815,$450 ,805,$444 ,828,$455 ,812,$450 ,793,$450 ,818,$450 ,813,$451 ,779,$445 ,776,$450 ,756,$450 ,764,$460 ,769,$451 ,785,$460 ,794,$465 ,813,$465 ,790,$460 ,796,$463 ,772,$473 ,784,$475 ,767,$490 ,793,$495 ,779,$483 ,785,$500 ,764,$500 ,772,$500 ,766,$500 ,772,$500 ,765,$500 ,764,$500 ,748,$500 ,725,$500 ,751,$500 ,710,$518 ,708,$525 ,710,$535 ,704,$520 ,708,$525 
,Group Total,"33,945",$395 ,"34,414",$400 ,"34,812",$400 ,"35,257",$400 ,34607,$399 ,"35,705",$400 ,"35,699",$410 ,"35,839",$415 ,"36,252",$420 ,35874,$411 ,"37,339",$420 ,"38,258",$420 ,"39,238",$420 ,"40,105",$420 ,38735,$420 ,"41,209",$428 ,"42,192",$428 ,"43,450",$430 ,"44,374",$430 ,42806,$429 ,"45,857",$425 ,"46,065",$425 ,"46,671",$425 ,"47,043",$430 ,46409,$426 ,"47,973",$430 ,"48,573",$430 ,"49,192",$438 ,"49,705",$435 ,48861,$433 ,"50,635",$440 ,"50,718",$445 ,"51,020",$450 ,"50,567",$450 ,50735,$446 ,"50,347",$450 ,"50,245",$460 ,"50,116",$460 ,"50,541",$470 ,50312,$460 ,"49,632",$475 ,"49,496",$480 ,"49,871",$480 ,"49,434",$480 ,49608,$479 ,"49,497",$490 ,"49,847",$495 ,"50,106",$495 ,"50,720",$500 ,50043,$495 ,"51,874",$495 ,"52,027",$485 ,"51,643",$461 ,"56,731",$440 ,53069,$470 
Inner Eastern Melbourne,Balwyn,821,$410 ,788,$420 ,785,$425 ,797,$448 ,798,$426 ,787,$450 ,812,$450 ,829,$450 ,829,$450 ,814,$450 ,840,$450 ,883,$450 ,886,$460 ,880,$460 ,872,$455 ,891,$450 ,868,$460 ,871,$470 ,887,$460 ,879,$460 ,876,$465 ,892,$460 ,867,$460 ,863,$480 ,875,$466 ,885,$480 ,892,$495 ,918,$500 ,926,$497 ,905,$493 ,937,$500 ,957,$500 ,"1,000",$500 ,"1,030",$508 ,981,$502 ,"1,128",$500 ,"1,166",$500 ,"1,155",$500 ,"1,154",$500 ,1151,$500 ,"1,064",$500 ,"1,002",$520 ,977,$520 ,"1,017",$530 ,1015,$518 ,"1,051",$540 ,"1,039",$540 ,"1,020",$530 ,"1,012",$550 ,1031,$540 ,"1,037",$550 ,"1,040",$550 ,"1,029",$560 ,"1,011",$550 ,1029,$553 
,Blackburn,603,$350 ,584,$355 ,609,$360 ,629,$360 ,606,$356 ,677,$370 ,681,$370 ,697,$380 ,699,$380 ,689,$375 ,694,$380 ,716,$380 ,703,$380 ,734,$380 ,712,$380 ,731,$380 ,752,$380 ,735,$380 ,738,$380 ,739,$380 ,773,$385 ,764,$385 ,802,$390 ,775,$390 ,779,$388 ,746,$390 ,755,$390 ,763,$390 ,816,$395 ,770,$391 ,863,$400 ,874,$405 ,905,$410 ,929,$410 ,893,$406 ,943,$410 ,967,$410 ,979,$420 ,962,$420 ,963,$415 ,959,$430 ,969,$430 ,936,$430 ,912,$430 ,944,$430 ,898,$430 ,908,$445 ,893,$450 ,904,$450 ,901,$444 ,905,$440 ,849,$440 ,845,$430 ,853,$430 ,863,$435 
,Box Hill,"1,404",$330 ,"1,398",$340 ,"1,436",$350 ,"1,465",$350 ,1426,$343 ,"1,519",$350 ,"1,563",$350 ,"1,620",$350 ,"1,637",$350 ,1585,$350 ,"1,713",$355 ,"1,710",$360 ,"1,704",$355 ,"1,711",$350 ,1710,$355 ,"1,686",$350 ,"1,707",$350 ,"1,756",$353 ,"1,766",$360 ,1729,$353 ,"1,808",$360 ,"1,864",$360 ,"1,870",$365 ,"1,881",$370 ,1856,$364 ,"1,861",$370 ,"1,869",$375 ,"1,902",$380 ,"1,939",$380 ,1893,$376 ,"2,021",$390 ,"2,092",$395 ,"2,148",$395 ,"2,265",$400 ,2132,$395 ,"2,258",$400 ,"2,196",$400 ,"2,239",$405 ,"2,356",$410 ,2262,$404 ,"2,681",$430 ,"2,691",$430 ,"2,718",$435 ,"2,638",$445 ,2682,$435 ,"2,503",$443 ,"2,526",$450 ,"2,542",$450 ,"2,612",$450 ,2546,$448 ,"2,651",$455 ,"2,656",$450 ,"2,613",$435 ,"2,624",$420 ,2636,$440 
,Bulleen-Templestowe-Doncaster,"1,104",$380 ,"1,120",$390 ,"1,129",$390 ,"1,144",$395 ,1124,$389 ,"1,161",$400 ,"1,180",$400 ,"1,221",$400 ,"1,293",$405 ,1214,$401 ,"1,340",$410 ,"1,408",$400 ,"1,495",$400 ,"1,495",$400 ,1435,$403 ,"1,521",$410 ,"1,462",$415 ,"1,427",$420 ,"1,382",$420 ,1448,$416 ,"1,400",$420 ,"1,393",$430 ,"1,377",$430 ,"1,418",$430 ,1397,$428 ,"1,467",$440 ,"1,500",$440 ,"1,512",$440 ,"1,563",$450 ,1511,$443 ,"1,593",$450 ,"1,726",$450 ,"1,853",$450 ,"1,885",$450 ,1764,$450 ,"1,982",$450 ,"2,025",$450 ,"2,031",$460 ,"2,035",$465 ,2018,$456 ,"2,049",$470 ,"1,995",$480 ,"2,061",$480 ,"2,130",$482 ,2059,$478 ,"2,148",$485 ,"2,183",$490 ,"2,217",$490 ,"2,257",$490 ,2201,$489 ,"2,229",$485 ,"2,151",$480 ,"2,005",$480 ,"1,945",$480 ,2083,$481 
,Burwood-Ashburton,951,$350 ,916,$357 ,893,$360 ,932,$365 ,923,$358 ,955,$360 ,996,$360 ,"1,008",$370 ,"1,015",$375 ,994,$366 ,"1,027",$390 ,993,$390 ,973,$390 ,"1,004",$395 ,999,$391 ,972,$400 ,"1,024",$400 ,"1,034",$400 ,"1,015",$400 ,1011,$400 ,"1,201",$395 ,"1,183",$395 ,"1,223",$400 ,"1,254",$400 ,1215,$398 ,"1,168",$400 ,"1,188",$401 ,"1,158",$410 ,"1,176",$410 ,1173,$405 ,"1,193",$420 ,"1,208",$430 ,"1,228",$430 ,"1,222",$425 ,1213,$426 ,"1,247",$430 ,"1,310",$438 ,"1,386",$445 ,"1,398",$450 ,1335,$441 ,"1,449",$450 ,"1,439",$460 ,"1,386",$460 ,"1,409",$460 ,1421,$458 ,"1,384",$470 ,"1,330",$461 ,"1,397",$470 ,"1,401",$470 ,1378,$468 ,"1,460",$465 ,"1,433",$460 ,"1,349",$455 ,"1,354",$450 ,1399,$458 
,Camberwell-Glen Iris,"1,414",$380 ,"1,427",$380 ,"1,468",$393 ,"1,430",$395 ,1435,$387 ,"1,480",$400 ,"1,519",$400 ,"1,559",$410 ,"1,601",$410 ,1540,$405 ,"1,597",$410 ,"1,627",$420 ,"1,642",$420 ,"1,644",$420 ,1628,$418 ,"1,659",$430 ,"1,632",$420 ,"1,618",$425 ,"1,674",$425 ,1646,$425 ,"1,691",$420 ,"1,698",$420 ,"1,748",$430 ,"1,753",$430 ,1723,$425 ,"1,800",$430 ,"1,849",$430 ,"1,856",$430 ,"1,885",$430 ,1848,$430 ,"1,887",$435 ,"1,906",$440 ,"1,908",$445 ,"1,950",$450 ,1913,$443 ,"1,945",$450 ,"1,921",$450 ,"1,909",$460 ,"1,866",$475 ,1910,$459 ,"1,920",$480 ,"1,909",$490 ,"1,903",$490 ,"1,850",$495 ,1896,$489 ,"1,826",$500 ,"1,825",$500 ,"1,805",$500 ,"1,848",$500 ,1826,$500 ,"1,802",$500 ,"1,717",$500 ,"1,626",$499 ,"1,596",$490 ,1685,$497 
,Canterbury-Surrey Hills-Mont Albert,657,$410 ,645,$405 ,651,$410 ,699,$405 ,663,$408 ,707,$405 ,689,$410 ,701,$410 ,672,$420 ,692,$411 ,679,$420 ,704,$420 ,713,$420 ,728,$420 ,706,$420 ,726,$422 ,727,$425 ,701,$435 ,692,$430 ,712,$428 ,728,$435 ,745,$450 ,768,$450 ,802,$450 ,761,$446 ,782,$450 ,749,$440 ,739,$450 ,728,$450 ,750,$448 ,733,$450 ,744,$450 ,752,$450 ,754,$450 ,746,$450 ,744,$468 ,748,$475 ,752,$480 ,772,$480 ,754,$476 ,773,$490 ,802,$490 ,797,$500 ,761,$500 ,783,$495 ,758,$500 ,713,$520 ,747,$510 ,776,$520 ,749,$513 ,759,$525 ,764,$520 ,707,$515 ,693,$500 ,731,$515 
,Chadstone-Oakleigh,898,$350 ,913,$360 ,934,$360 ,965,$360 ,928,$358 ,968,$370 ,985,$370 ,959,$370 ,938,$380 ,963,$373 ,994,$370 ,"1,008",$375 ,"1,059",$380 ,"1,066",$375 ,1032,$375 ,"1,057",$380 ,"1,075",$380 ,"1,085",$380 ,"1,079",$385 ,1074,$381 ,"1,015",$385 ,975,$390 ,967,$390 ,973,$395 ,983,$390 ,"1,053",$400 ,"1,063",$400 ,"1,058",$400 ,"1,074",$400 ,1062,$400 ,"1,035",$410 ,"1,066",$410 ,"1,071",$420 ,"1,066",$420 ,1060,$415 ,"1,149",$425 ,"1,190",$430 ,"1,212",$430 ,"1,202",$440 ,1188,$431 ,"1,167",$445 ,"1,169",$450 ,"1,187",$450 ,"1,197",$450 ,1180,$449 ,"1,218",$450 ,"1,205",$460 ,"1,187",$460 ,"1,206",$460 ,1204,$458 ,"1,230",$460 ,"1,195",$460 ,"1,173",$460 ,"1,223",$450 ,1205,$458 
,Clayton,"1,554",$330 ,"1,640",$330 ,"1,684",$330 ,"1,759",$330 ,1659,$330 ,"1,836",$330 ,"1,812",$340 ,"1,810",$350 ,"1,796",$350 ,1814,$343 ,"1,691",$350 ,"1,748",$350 ,"1,757",$350 ,"1,783",$350 ,1745,$350 ,"1,910",$345 ,"1,909",$345 ,"2,046",$345 ,"2,075",$350 ,1985,$346 ,"2,116",$350 ,"2,069",$350 ,"1,934",$350 ,"1,959",$360 ,2020,$353 ,"2,029",$360 ,"2,068",$360 ,"2,084",$360 ,"2,048",$365 ,2057,$361 ,"2,070",$365 ,"2,073",$370 ,"2,125",$370 ,"2,132",$375 ,2100,$370 ,"2,069",$380 ,"1,988",$380 ,"1,969",$390 ,"1,964",$390 ,1998,$385 ,"1,989",$400 ,"1,986",$400 ,"1,975",$400 ,"1,956",$400 ,1977,$400 ,"2,031",$410 ,"2,099",$411 ,"2,133",$420 ,"2,123",$420 ,2097,$415 ,"2,179",$420 ,"2,184",$420 ,"2,267",$415 ,"2,543",$410 ,2293,$416 
,Doncaster East-Donvale,812,$375 ,850,$375 ,823,$380 ,840,$380 ,831,$378 ,837,$385 ,834,$395 ,836,$400 ,827,$400 ,834,$395 ,838,$400 ,841,$400 ,841,$400 ,852,$400 ,843,$400 ,843,$410 ,851,$410 ,856,$420 ,847,$420 ,849,$415 ,854,$420 ,859,$420 ,877,$430 ,892,$430 ,871,$425 ,889,$440 ,912,$450 ,947,$450 ,998,$450 ,937,$448 ,"1,042",$450 ,"1,024",$450 ,"1,049",$450 ,"1,045",$460 ,1040,$453 ,"1,044",$465 ,"1,071",$465 ,"1,030",$475 ,"1,044",$475 ,1047,$470 ,"1,038",$470 ,"1,036",$480 ,"1,030",$480 ,"1,020",$485 ,1031,$479 ,"1,041",$490 ,"1,092",$490 ,"1,132",$495 ,"1,132",$500 ,1099,$494 ,"1,128",$500 ,"1,049",$500 ,"1,019",$495 ,"1,025",$490 ,1055,$496 
,East Hawthorn,743,$350 ,753,$360 ,752,$370 ,753,$370 ,750,$363 ,746,$370 ,775,$375 ,788,$375 ,787,$380 ,774,$375 ,826,$390 ,823,$390 ,796,$390 ,786,$390 ,808,$390 ,819,$390 ,855,$395 ,888,$395 ,932,$395 ,874,$394 ,955,$400 ,920,$395 ,924,$400 ,891,$400 ,923,$399 ,875,$400 ,949,$400 ,983,$400 ,"1,134",$400 ,985,$400 ,"1,261",$400 ,"1,200",$400 ,"1,239",$410 ,"1,203",$410 ,1226,$405 ,"1,150",$420 ,"1,187",$420 ,"1,154",$420 ,"1,089",$430 ,1145,$423 ,"1,076",$430 ,"1,058",$440 ,"1,033",$440 ,"1,018",$450 ,1046,$440 ,"1,028",$448 ,"1,062",$450 ,"1,130",$450 ,"1,149",$450 ,1092,$450 ,"1,183",$445 ,"1,126",$440 ,"1,040",$435 ,"1,056",$420 ,1101,$435 
,Glen Waverley-Mulgrave,"1,541",$375 ,"1,565",$380 ,"1,608",$380 ,"1,610",$390 ,1581,$381 ,"1,621",$395 ,"1,631",$400 ,"1,684",$400 ,"1,757",$400 ,1673,$399 ,"1,768",$400 ,"1,788",$410 ,"1,793",$410 ,"1,745",$410 ,1774,$408 ,"1,725",$415 ,"1,696",$420 ,"1,651",$420 ,"1,644",$420 ,1679,$419 ,"1,758",$420 ,"1,810",$420 ,"1,844",$430 ,"1,920",$430 ,1833,$425 ,"1,861",$430 ,"1,860",$440 ,"1,852",$440 ,"1,907",$445 ,1870,$439 ,"1,959",$450 ,"2,005",$450 ,"2,019",$450 ,"1,958",$460 ,1985,$453 ,"1,995",$460 ,"1,937",$460 ,"1,956",$470 ,"1,960",$470 ,1962,$465 ,"1,949",$475 ,"1,993",$475 ,"1,987",$480 ,"2,007",$485 ,1984,$479 ,"1,979",$490 ,"1,963",$500 ,"1,922",$500 ,"1,957",$500 ,1955,$498 ,"2,067",$500 ,"2,050",$500 ,"2,054",$500 ,"2,061",$495 ,2058,$499 
,Hawthorn,"1,795",$340 ,"1,834",$340 ,"1,816",$345 ,"1,842",$350 ,1822,$344 ,"1,856",$350 ,"1,933",$350 ,"2,062",$350 ,"2,084",$350 ,1984,$350 ,"2,224",$345 ,"2,151",$350 ,"2,154",$350 ,"2,176",$350 ,2176,$349 ,"2,234",$350 ,"2,298",$350 ,"2,397",$350 ,"2,346",$355 ,2319,$351 ,"2,368",$350 ,"2,378",$350 ,"2,506",$360 ,"2,543",$360 ,2449,$355 ,"2,511",$360 ,"2,432",$365 ,"2,255",$370 ,"2,299",$370 ,2374,$366 ,"2,376",$370 ,"2,426",$370 ,"2,428",$370 ,"2,479",$380 ,2427,$373 ,"2,434",$380 ,"2,415",$380 ,"2,413",$380 ,"2,326",$385 ,2397,$381 ,"2,272",$395 ,"2,277",$400 ,"2,204",$400 ,"2,224",$400 ,2244,$399 ,"2,274",$400 ,"2,191",$410 ,"2,100",$410 ,"2,061",$410 ,2157,$408 ,"1,939",$420 ,"1,942",$420 ,"1,923",$410 ,"1,975",$400 ,1945,$413 
,Kew,"1,082",$400 ,"1,056",$400 ,"1,054",$413 ,"1,045",$420 ,1059,$408 ,"1,059",$420 ,"1,051",$430 ,"1,070",$430 ,"1,100",$440 ,1070,$430 ,"1,090",$450 ,"1,127",$440 ,"1,114",$450 ,"1,103",$450 ,1109,$448 ,"1,139",$450 ,"1,124",$450 ,"1,186",$450 ,"1,201",$450 ,1163,$450 ,"1,209",$440 ,"1,177",$450 ,"1,134",$450 ,"1,189",$450 ,1177,$448 ,"1,184",$460 ,"1,208",$465 ,"1,242",$480 ,"1,177",$480 ,1203,$471 ,"1,202",$475 ,"1,219",$475 ,"1,208",$470 ,"1,220",$480 ,1212,$475 ,"1,219",$490 ,"1,228",$490 ,"1,247",$485 ,"1,258",$483 ,1238,$487 ,"1,256",$490 ,"1,257",$500 ,"1,228",$500 ,"1,181",$510 ,1231,$500 ,"1,172",$510 ,"1,138",$513 ,"1,148",$515 ,"1,167",$520 ,1156,$515 ,"1,153",$520 ,"1,137",$530 ,"1,048",$525 ,"1,045",$500 ,1096,$519 
,Mount Waverley,738,$375 ,769,$380 ,777,$385 ,803,$390 ,772,$383 ,790,$390 ,791,$400 ,820,$395 ,808,$395 ,802,$395 ,812,$400 ,792,$400 ,773,$400 ,787,$400 ,791,$400 ,783,$400 ,809,$410 ,810,$415 ,838,$420 ,810,$411 ,862,$420 ,861,$420 ,883,$420 ,888,$430 ,874,$423 ,876,$430 ,910,$440 ,920,$450 ,951,$450 ,914,$443 ,986,$460 ,"1,009",$460 ,"1,035",$460 ,"1,038",$460 ,1017,$460 ,"1,029",$460 ,"1,001",$465 ,993,$470 ,972,$475 ,999,$468 ,"1,001",$480 ,973,$480 ,973,$490 ,968,$500 ,979,$488 ,979,$500 ,"1,022",$510 ,"1,040",$520 ,"1,047",$520 ,1022,$513 ,"1,045",$520 ,"1,008",$510 ,956,$505 ,957,$500 ,992,$509 
,Nunawading-Mitcham,675,$320 ,693,$330 ,718,$340 ,712,$340 ,700,$333 ,717,$350 ,715,$350 ,738,$350 ,746,$350 ,729,$350 ,764,$350 ,773,$355 ,742,$350 ,773,$355 ,763,$353 ,869,$350 ,907,$360 ,951,$360 ,955,$365 ,921,$359 ,901,$370 ,889,$370 ,901,$370 ,926,$370 ,904,$370 ,929,$370 ,938,$370 ,990,$375 ,984,$375 ,960,$373 ,"1,022",$380 ,"1,042",$385 ,"1,019",$385 ,"1,007",$390 ,1023,$385 ,971,$390 ,991,$395 ,973,$400 ,988,$400 ,981,$396 ,"1,008",$410 ,968,$418 ,958,$420 ,955,$420 ,972,$417 ,964,$430 ,978,$425 ,992,$420 ,973,$420 ,977,$424 ,936,$420 ,885,$420 ,820,$425 ,853,$420 ,874,$421 
,Vermont-Forest Hill-Burwood East,660,$350 ,649,$360 ,676,$369 ,686,$370 ,668,$362 ,700,$375 ,743,$380 ,755,$380 ,767,$380 ,741,$379 ,779,$385 ,780,$385 ,785,$385 ,791,$380 ,784,$384 ,822,$380 ,842,$388 ,838,$390 ,847,$390 ,837,$387 ,827,$395 ,814,$395 ,841,$400 ,843,$400 ,831,$398 ,840,$408 ,868,$410 ,846,$410 ,876,$410 ,858,$410 ,893,$420 ,883,$420 ,894,$420 ,899,$420 ,892,$420 ,941,$420 ,958,$420 ,977,$435 ,973,$450 ,962,$431 ,973,$450 ,941,$450 ,928,$450 ,960,$450 ,951,$450 ,966,$450 ,"1,003",$450 ,"1,037",$460 ,"1,027",$460 ,1008,$455 ,"1,001",$460 ,979,$460 ,934,$460 ,909,$460 ,956,$460 
,Group Total,"17,452",$360 ,"17,600",$360 ,"17,813",$370 ,"18,111",$370 ,17744,$365 ,"18,416",$375 ,"18,710",$380 ,"19,157",$380 ,"19,356",$380 ,18910,$379 ,"19,676",$385 ,"19,872",$390 ,"19,930",$390 ,"20,058",$390 ,19884,$389 ,"20,387",$390 ,"20,538",$390 ,"20,850",$390 ,"20,918",$390 ,20673,$390 ,"21,342",$395 ,"21,291",$395 ,"21,466",$400 ,"21,770",$400 ,21467,$398 ,"21,756",$400 ,"22,010",$400 ,"22,025",$410 ,"22,481",$410 ,22068,$405 ,"23,073",$420 ,"23,454",$420 ,"23,881",$420 ,"24,082",$420 ,23623,$420 ,"24,248",$430 ,"24,299",$430 ,"24,375",$440 ,"24,319",$445 ,24310,$436 ,"24,624",$450 ,"24,465",$450 ,"24,281",$450 ,"24,203",$460 ,24393,$453 ,"24,220",$460 ,"24,277",$460 ,"24,442",$465 ,"24,652",$470 ,24398,$464 ,"24,704",$470 ,"24,165",$470 ,"23,408",$460 ,"23,723",$450 ,24000,$463 
Southern Melbourne,Aspendale-Chelsea-Carrum,"1,373",$320 ,"1,405",$320 ,"1,386",$330 ,"1,404",$340 ,1392,$328 ,"1,414",$350 ,"1,428",$350 ,"1,526",$350 ,"1,511",$350 ,1470,$350 ,"1,576",$350 ,"1,563",$355 ,"1,557",$355 ,"1,549",$360 ,1561,$355 ,"1,504",$355 ,"1,512",$353 ,"1,495",$360 ,"1,512",$360 ,1506,$357 ,"1,493",$365 ,"1,477",$370 ,"1,467",$370 ,"1,422",$370 ,1465,$369 ,"1,398",$375 ,"1,404",$380 ,"1,455",$380 ,"1,486",$380 ,1436,$379 ,"1,522",$385 ,"1,492",$390 ,"1,444",$395 ,"1,415",$400 ,1468,$393 ,"1,477",$400 ,"1,487",$400 ,"1,482",$410 ,"1,510",$420 ,1489,$408 ,"1,431",$420 ,"1,454",$420 ,"1,466",$430 ,"1,451",$440 ,1451,$428 ,"1,486",$440 ,"1,479",$440 ,"1,505",$440 ,"1,519",$438 ,1497,$440 ,"1,575",$440 ,"1,544",$440 ,"1,434",$440 ,"1,415",$450 ,1492,$443 
,Bentleigh,"1,588",$370 ,"1,607",$380 ,"1,607",$380 ,"1,623",$385 ,1606,$379 ,"1,672",$395 ,"1,672",$395 ,"1,714",$400 ,"1,741",$400 ,1700,$398 ,"1,781",$400 ,"1,811",$400 ,"1,863",$400 ,"1,889",$400 ,1836,$400 ,"1,877",$400 ,"1,871",$400 ,"1,831",$410 ,"1,786",$410 ,1841,$405 ,"1,812",$418 ,"1,825",$420 ,"1,870",$425 ,"1,948",$430 ,1864,$423 ,"1,921",$430 ,"1,949",$430 ,"1,919",$430 ,"1,966",$430 ,1939,$430 ,"2,076",$440 ,"2,084",$440 ,"2,182",$445 ,"2,128",$450 ,2118,$444 ,"2,123",$450 ,"2,119",$460 ,"2,080",$470 ,"2,150",$480 ,2118,$465 ,"2,239",$480 ,"2,278",$485 ,"2,378",$490 ,"2,457",$495 ,2338,$488 ,"2,514",$500 ,"2,572",$500 ,"2,516",$500 ,"2,482",$510 ,2521,$503 ,"2,404",$510 ,"2,329",$500 ,"2,253",$500 ,"2,211",$495 ,2299,$501 
,Brighton,723,$550 ,732,$550 ,720,$550 ,727,$550 ,726,$550 ,762,$550 ,782,$583 ,813,$590 ,812,$590 ,792,$578 ,801,$595 ,790,$590 ,801,$600 ,819,$605 ,803,$598 ,814,$628 ,817,$635 ,795,$620 ,808,$630 ,809,$628 ,903,$600 ,911,$600 ,932,$600 ,991,$599 ,934,$600 ,923,$620 ,919,$630 ,934,$640 ,867,$640 ,911,$633 ,894,$600 ,933,$600 ,976,$590 ,"1,016",$580 ,955,$593 ,"1,017",$600 ,974,$595 ,940,$620 ,919,$650 ,963,$616 ,897,$650 ,928,$650 ,941,$650 ,966,$630 ,933,$645 ,"1,014",$640 ,"1,000",$650 ,987,$650 ,939,$665 ,985,$651 ,881,$690 ,857,$680 ,832,$690 ,912,$678 ,871,$685 
,Brighton East,367,$520 ,326,$520 ,325,$531 ,337,$550 ,339,$530 ,328,$570 ,333,$590 ,336,$573 ,350,$575 ,337,$577 ,363,$590 ,371,$600 ,386,$600 ,389,$600 ,377,$598 ,418,$595 ,446,$578 ,426,$570 ,442,$585 ,433,$582 ,417,$580 ,400,$575 ,418,$575 ,394,$580 ,407,$578 ,398,$590 ,378,$600 ,378,$600 ,395,$610 ,387,$600 ,399,$650 ,440,$620 ,441,$630 ,431,$635 ,428,$634 ,449,$635 ,434,$655 ,420,$650 ,416,$668 ,430,$652 ,409,$670 ,403,$670 ,411,$690 ,436,$690 ,415,$680 ,426,$700 ,429,$700 ,430,$700 ,424,$700 ,427,$700 ,436,$745 ,424,$750 ,412,$733 ,396,$718 ,417,$737 
,Carnegie,921,$305 ,934,$318 ,926,$320 ,942,$325 ,931,$317 ,983,$335 ,"1,033",$330 ,"1,074",$330 ,"1,060",$330 ,1038,$331 ,"1,053",$330 ,"1,021",$345 ,"1,023",$345 ,"1,023",$350 ,1030,$343 ,"1,064",$350 ,"1,081",$350 ,"1,062",$350 ,"1,098",$350 ,1076,$350 ,"1,100",$350 ,"1,092",$350 ,"1,162",$351 ,"1,151",$360 ,1126,$353 ,"1,142",$360 ,"1,172",$360 ,"1,170",$365 ,"1,200",$370 ,1171,$364 ,"1,258",$380 ,"1,236",$380 ,"1,212",$380 ,"1,199",$385 ,1226,$381 ,"1,214",$395 ,"1,241",$400 ,"1,230",$403 ,"1,217",$415 ,1226,$403 ,"1,206",$420 ,"1,229",$420 ,"1,280",$420 ,"1,365",$425 ,1270,$421 ,"1,344",$430 ,"1,360",$435 ,"1,307",$440 ,"1,258",$435 ,1317,$435 ,"1,333",$440 ,"1,302",$440 ,"1,320",$438 ,"1,347",$430 ,1326,$437 
,Caulfield,"1,637",$360 ,"1,653",$360 ,"1,671",$370 ,"1,666",$380 ,1657,$368 ,"1,721",$380 ,"1,737",$380 ,"1,761",$385 ,"1,762",$385 ,1745,$383 ,"1,751",$390 ,"1,734",$395 ,"1,754",$395 ,"1,823",$395 ,1766,$394 ,"1,890",$395 ,"1,977",$390 ,"2,047",$385 ,"2,055",$385 ,1992,$389 ,"2,157",$385 ,"2,143",$390 ,"2,128",$395 ,"2,162",$399 ,2148,$392 ,"2,070",$400 ,"2,057",$400 ,"2,075",$400 ,"2,022",$400 ,2056,$400 ,"1,996",$400 ,"1,996",$410 ,"2,068",$420 ,"2,243",$435 ,2076,$416 ,"2,280",$440 ,"2,360",$440 ,"2,302",$440 ,"2,241",$440 ,2296,$440 ,"2,334",$440 ,"2,254",$450 ,"2,223",$455 ,"2,230",$460 ,2260,$451 ,"2,216",$470 ,"2,236",$470 ,"2,341",$475 ,"2,446",$475 ,2310,$473 ,"2,530",$480 ,"2,486",$480 ,"2,374",$470 ,"2,263",$450 ,2413,$470 
,Cheltenham,"1,208",$350 ,"1,227",$360 ,"1,279",$370 ,"1,283",$380 ,1249,$365 ,"1,314",$380 ,"1,310",$380 ,"1,299",$380 ,"1,332",$385 ,1314,$381 ,"1,340",$390 ,"1,328",$390 ,"1,314",$395 ,"1,368",$385 ,1338,$390 ,"1,425",$380 ,"1,462",$380 ,"1,569",$375 ,"1,563",$380 ,1505,$379 ,"1,608",$382 ,"1,629",$390 ,"1,609",$395 ,"1,641",$400 ,1622,$392 ,"1,619",$400 ,"1,632",$400 ,"1,634",$401 ,"1,640",$410 ,1631,$403 ,"1,712",$410 ,"1,719",$420 ,"1,754",$420 ,"1,760",$430 ,1736,$420 ,"1,746",$430 ,"1,796",$440 ,"1,861",$450 ,"1,919",$450 ,1831,$443 ,"1,909",$450 ,"1,941",$450 ,"1,902",$450 ,"1,916",$455 ,1917,$451 ,"1,975",$460 ,"1,964",$460 ,"1,998",$460 ,"1,974",$470 ,1978,$463 ,"1,959",$470 ,"1,902",$470 ,"1,779",$475 ,"1,756",$470 ,1849,$471 
,Elsternwick,564,$350 ,557,$350 ,585,$360 ,591,$360 ,574,$355 ,571,$365 ,574,$370 ,578,$370 ,589,$375 ,578,$370 ,626,$390 ,690,$390 ,704,$390 ,719,$390 ,685,$390 ,672,$390 ,605,$390 ,624,$390 ,600,$390 ,625,$390 ,604,$390 ,633,$395 ,596,$400 ,612,$400 ,611,$396 ,638,$395 ,659,$400 ,684,$400 ,682,$400 ,666,$399 ,670,$400 ,639,$395 ,672,$395 ,682,$395 ,666,$396 ,693,$400 ,736,$420 ,729,$420 ,733,$420 ,723,$415 ,754,$420 ,728,$420 ,698,$433 ,713,$430 ,723,$426 ,695,$450 ,671,$450 ,672,$443 ,611,$450 ,662,$448 ,614,$440 ,669,$450 ,693,$450 ,778,$450 ,689,$448 
,Hampton-Beaumaris,968,$475 ,973,$475 ,986,$480 ,990,$480 ,979,$478 ,"1,019",$480 ,"1,032",$488 ,"1,053",$495 ,"1,084",$495 ,1047,$490 ,"1,148",$500 ,"1,143",$500 ,"1,181",$500 ,"1,202",$500 ,1169,$500 ,"1,150",$495 ,"1,159",$495 ,"1,148",$495 ,"1,143",$495 ,1150,$495 ,"1,159",$500 ,"1,180",$500 ,"1,179",$525 ,"1,211",$520 ,1182,$511 ,"1,276",$500 ,"1,317",$495 ,"1,343",$490 ,"1,342",$495 ,1320,$495 ,"1,284",$510 ,"1,254",$525 ,"1,287",$518 ,"1,270",$513 ,1274,$517 ,"1,256",$525 ,"1,253",$525 ,"1,193",$550 ,"1,197",$550 ,1225,$538 ,"1,211",$550 ,"1,244",$550 ,"1,231",$570 ,"1,236",$570 ,1231,$560 ,"1,228",$580 ,"1,191",$595 ,"1,202",$580 ,"1,220",$580 ,1210,$584 ,"1,257",$595 ,"1,262",$585 ,"1,197",$595 ,"1,200",$588 ,1229,$591 
,Malvern,441,$390 ,442,$390 ,428,$395 ,418,$395 ,432,$393 ,417,$390 ,407,$395 ,418,$400 ,415,$400 ,414,$396 ,408,$420 ,422,$420 ,418,$400 ,428,$405 ,419,$411 ,484,$400 ,509,$400 ,503,$420 ,510,$415 ,502,$409 ,491,$438 ,482,$433 ,514,$421 ,502,$439 ,497,$433 ,507,$440 ,502,$450 ,471,$450 ,504,$450 ,496,$448 ,492,$460 ,529,$455 ,554,$458 ,524,$470 ,525,$461 ,523,$460 ,495,$460 ,491,$460 ,510,$460 ,505,$460 ,499,$465 ,491,$475 ,493,$495 ,482,$495 ,491,$483 ,499,$495 ,498,$500 ,492,$493 ,496,$495 ,496,$496 ,465,$480 ,446,$468 ,391,$480 ,388,$470 ,423,$475 
,Malvern East,810,$350 ,820,$350 ,811,$350 ,833,$350 ,819,$350 ,857,$365 ,917,$365 ,944,$370 ,963,$370 ,920,$368 ,"1,014",$370 ,984,$375 ,"1,006",$370 ,"1,019",$369 ,1006,$371 ,"1,052",$365 ,"1,051",$369 ,"1,063",$368 ,"1,063",$370 ,1057,$368 ,"1,069",$375 ,"1,064",$375 ,"1,039",$380 ,"1,062",$380 ,1059,$378 ,"1,093",$380 ,"1,124",$388 ,"1,139",$390 ,"1,114",$390 ,1118,$387 ,"1,076",$395 ,"1,060",$395 ,"1,093",$400 ,"1,164",$400 ,1098,$398 ,"1,176",$400 ,"1,198",$410 ,"1,216",$410 ,"1,176",$420 ,1192,$410 ,"1,155",$425 ,"1,121",$425 ,"1,127",$430 ,"1,166",$435 ,1142,$429 ,"1,362",$455 ,"1,419",$460 ,"1,473",$460 ,"1,423",$460 ,1419,$459 ,"1,287",$450 ,"1,221",$440 ,"1,132",$425 ,"1,214",$420 ,1214,$434 
,Mentone-Parkdale-Mordialloc,"1,240",$318 ,"1,194",$320 ,"1,170",$325 ,"1,157",$330 ,1190,$323 ,"1,188",$330 ,"1,193",$340 ,"1,228",$340 ,"1,248",$350 ,1214,$340 ,"1,305",$350 ,"1,417",$350 ,"1,454",$350 ,"1,489",$350 ,1416,$350 ,"1,538",$350 ,"1,499",$355 ,"1,444",$360 ,"1,446",$360 ,1482,$356 ,"1,422",$360 ,"1,414",$360 ,"1,475",$365 ,"1,465",$370 ,1444,$364 ,"1,469",$370 ,"1,502",$370 ,"1,469",$375 ,"1,455",$380 ,1474,$374 ,"1,453",$380 ,"1,452",$380 ,"1,460",$390 ,"1,501",$395 ,1467,$386 ,"1,482",$395 ,"1,470",$400 ,"1,448",$400 ,"1,404",$400 ,1451,$399 ,"1,473",$410 ,"1,444",$420 ,"1,455",$420 ,"1,456",$425 ,1457,$419 ,"1,426",$420 ,"1,443",$420 ,"1,446",$425 ,"1,470",$430 ,1446,$424 ,"1,442",$433 ,"1,409",$435 ,"1,332",$440 ,"1,296",$435 ,1370,$436 
,Murrumbeena-Hughesdale,707,$330 ,753,$340 ,757,$350 ,777,$350 ,749,$343 ,793,$350 ,778,$350 ,779,$350 ,771,$350 ,780,$350 ,778,$350 ,772,$360 ,761,$360 ,792,$360 ,776,$358 ,792,$360 ,856,$360 ,872,$365 ,835,$365 ,839,$363 ,853,$360 ,849,$360 ,855,$365 ,864,$370 ,855,$364 ,898,$380 ,879,$385 ,882,$385 ,905,$390 ,891,$385 ,940,$390 ,937,$395 ,918,$395 ,905,$395 ,925,$394 ,834,$400 ,836,$400 ,840,$410 ,861,$410 ,843,$405 ,882,$410 ,914,$420 ,922,$425 ,923,$430 ,910,$421 ,952,$430 ,918,$430 ,945,$430 ,921,$435 ,934,$431 ,917,$440 ,885,$440 ,829,$440 ,866,$425 ,874,$436 
,Group Total,"12,547",$360 ,"12,623",$360 ,"12,651",$370 ,"12,748",$375 ,12642,$366 ,"13,039",$380 ,"13,196",$380 ,"13,523",$380 ,"13,638",$385 ,13349,$381 ,"13,944",$390 ,"14,046",$395 ,"14,222",$395 ,"14,509",$395 ,14180,$394 ,"14,680",$395 ,"14,845",$395 ,"14,879",$395 ,"14,861",$395 ,14816,$395 ,"15,088",$400 ,"15,099",$400 ,"15,244",$400 ,"15,425",$400 ,15214,$400 ,"15,352",$405 ,"15,494",$410 ,"15,553",$410 ,"15,578",$410 ,15494,$409 ,"15,772",$420 ,"15,771",$420 ,"16,061",$425 ,"16,238",$430 ,15961,$424 ,"16,270",$440 ,"16,399",$445 ,"16,232",$450 ,"16,253",$450 ,16289,$446 ,"16,399",$450 ,"16,429",$460 ,"16,527",$460 ,"16,797",$470 ,16538,$460 ,"17,137",$475 ,"17,180",$475 ,"17,314",$480 ,"17,183",$480 ,17204,$478 ,"17,100",$480 ,"16,736",$480 ,"15,978",$480 ,"16,042",$470 ,16464,$478 
Outer Western Melbourne,Altona,"2,882",$320 ,"3,031",$320 ,"3,153",$320 ,"3,262",$325 ,3082,$321 ,"3,352",$330 ,"3,468",$330 ,"3,784",$330 ,"3,953",$330 ,3639,$330 ,"4,221",$330 ,"4,304",$330 ,"4,357",$330 ,"4,339",$330 ,4305,$330 ,"4,268",$336 ,"4,239",$340 ,"4,239",$340 ,"4,225",$340 ,4243,$339 ,"4,212",$350 ,"4,253",$350 ,"4,102",$350 ,"4,132",$350 ,4175,$350 ,"4,177",$350 ,"4,206",$356 ,"4,340",$360 ,"4,450",$360 ,4293,$357 ,"4,488",$370 ,"4,522",$370 ,"4,606",$370 ,"4,731",$375 ,4587,$371 ,"4,847",$380 ,"5,011",$380 ,"5,035",$390 ,"4,925",$390 ,4955,$385 ,"4,855",$390 ,"4,874",$400 ,"4,946",$400 ,"4,979",$400 ,4914,$398 ,"5,158",$400 ,"5,183",$400 ,"5,236",$400 ,"5,283",$400 ,5215,$400 ,"5,317",$400 ,"5,250",$400 ,"4,954",$400 ,"4,978",$400 ,5125,$400 
,Footscray,935,$290 ,"1,004",$300 ,"1,028",$300 ,"1,076",$300 ,1011,$298 ,"1,066",$300 ,"1,074",$303 ,"1,089",$310 ,"1,182",$320 ,1103,$308 ,"1,240",$325 ,"1,250",$320 ,"1,268",$320 ,"1,216",$320 ,1244,$321 ,"1,216",$320 ,"1,291",$320 ,"1,332",$325 ,"1,336",$330 ,1294,$324 ,"1,329",$330 ,"1,303",$330 ,"1,307",$330 ,"1,433",$330 ,1343,$330 ,"1,461",$330 ,"1,499",$330 ,"1,481",$330 ,"1,385",$330 ,1457,$330 ,"1,380",$340 ,"1,314",$345 ,"1,392",$350 ,"1,381",$350 ,1367,$346 ,"1,461",$355 ,"1,429",$360 ,"1,351",$360 ,"1,369",$370 ,1403,$361 ,"1,396",$365 ,"1,468",$370 ,"1,496",$375 ,"1,466",$375 ,1457,$371 ,"1,364",$380 ,"1,346",$380 ,"1,322",$380 ,"1,490",$390 ,1381,$383 ,"1,525",$390 ,"1,519",$390 ,"1,530",$381 ,"1,565",$370 ,1535,$383 
,Keilor East-Avondale Heights,945,$330 ,941,$330 ,978,$340 ,977,$340 ,960,$335 ,992,$340 ,"1,023",$350 ,"1,035",$350 ,"1,027",$350 ,1019,$348 ,988,$350 ,"1,017",$350 ,"1,057",$350 ,"1,081",$350 ,1036,$350 ,"1,182",$360 ,"1,240",$360 ,"1,271",$365 ,"1,297",$370 ,1248,$364 ,"1,279",$370 ,"1,246",$370 ,"1,320",$370 ,"1,396",$370 ,1310,$370 ,"1,434",$370 ,"1,451",$370 ,"1,374",$375 ,"1,372",$380 ,1408,$374 ,"1,450",$380 ,"1,466",$385 ,"1,466",$390 ,"1,444",$390 ,1457,$386 ,"1,442",$395 ,"1,444",$395 ,"1,507",$400 ,"1,508",$400 ,1475,$398 ,"1,443",$405 ,"1,435",$410 ,"1,410",$420 ,"1,459",$420 ,1437,$414 ,"1,499",$420 ,"1,518",$420 ,"1,565",$420 ,"1,583",$420 ,1541,$420 ,"1,579",$420 ,"1,535",$410 ,"1,409",$410 ,"1,349",$420 ,1468,$415 
,Melton,"1,508",$250 ,"1,507",$250 ,"1,586",$250 ,"1,709",$260 ,1578,$253 ,"1,804",$260 ,"1,937",$265 ,"2,068",$270 ,"2,092",$270 ,1975,$266 ,"2,152",$270 ,"2,142",$270 ,"2,171",$270 ,"2,150",$270 ,2154,$270 ,"2,103",$270 ,"2,125",$270 ,"2,000",$270 ,"1,989",$270 ,2054,$270 ,"1,922",$271 ,"1,870",$275 ,"1,890",$280 ,"1,882",$280 ,1891,$277 ,"1,888",$280 ,"1,864",$280 ,"1,883",$285 ,"1,889",$287 ,1881,$283 ,"1,910",$290 ,"1,935",$295 ,"1,934",$300 ,"1,994",$300 ,1943,$296 ,"2,065",$310 ,"2,145",$310 ,"2,242",$320 ,"2,318",$320 ,2193,$315 ,"2,335",$320 ,"2,344",$330 ,"2,382",$330 ,"2,367",$335 ,2357,$329 ,"2,409",$340 ,"2,473",$340 ,"2,563",$340 ,"2,671",$340 ,2529,$340 ,"2,759",$340 ,"2,826",$345 ,"2,740",$350 ,"2,697",$350 ,2756,$346 
,Newport-Spotswood,641,$350 ,646,$350 ,647,$350 ,678,$360 ,653,$353 ,698,$360 ,721,$360 ,721,$370 ,693,$380 ,708,$368 ,704,$385 ,706,$390 ,743,$390 ,738,$390 ,723,$389 ,731,$390 ,750,$390 ,720,$395 ,729,$400 ,733,$394 ,743,$400 ,764,$410 ,757,$410 ,766,$420 ,758,$410 ,774,$426 ,743,$430 ,759,$440 ,771,$440 ,762,$434 ,768,$440 ,786,$450 ,808,$450 ,828,$450 ,798,$448 ,849,$450 ,818,$460 ,794,$465 ,799,$470 ,815,$461 ,783,$470 ,810,$475 ,823,$470 ,816,$480 ,808,$474 ,843,$480 ,845,$480 ,832,$495 ,839,$495 ,840,$488 ,815,$500 ,791,$495 ,754,$495 ,750,$500 ,778,$498 
,St Albans-Deer Park,"1,790",$275 ,"1,805",$280 ,"1,867",$280 ,"1,900",$280 ,1841,$279 ,"1,918",$285 ,"1,938",$285 ,"1,952",$290 ,"1,947",$290 ,1939,$288 ,"1,974",$290 ,"2,052",$290 ,"2,043",$290 ,"2,071",$290 ,2035,$290 ,"2,178",$290 ,"2,194",$290 ,"2,185",$295 ,"2,155",$300 ,2178,$294 ,"2,045",$300 ,"1,965",$300 ,"1,995",$300 ,"2,004",$310 ,2002,$303 ,"2,016",$310 ,"2,036",$310 ,"2,015",$310 ,"2,055",$310 ,2031,$310 ,"2,048",$320 ,"2,047",$320 ,"2,045",$320 ,"1,995",$320 ,2034,$320 ,"2,047",$330 ,"2,099",$330 ,"2,116",$340 ,"2,130",$340 ,2098,$335 ,"2,137",$345 ,"2,043",$350 ,"2,005",$350 ,"1,939",$350 ,2031,$349 ,"1,865",$350 ,"1,875",$350 ,"1,901",$355 ,"1,984",$360 ,1906,$354 ,"1,955",$360 ,"1,865",$360 ,"1,684",$360 ,"1,628",$355 ,1783,$359 
,Sunshine,"1,095",$270 ,"1,218",$270 ,"1,290",$280 ,"1,303",$280 ,1227,$275 ,"1,345",$280 ,"1,347",$280 ,"1,372",$280 ,"1,419",$280 ,1371,$280 ,"1,439",$280 ,"1,441",$284 ,"1,453",$290 ,"1,493",$290 ,1457,$286 ,"1,500",$290 ,"1,566",$290 ,"1,588",$290 ,"1,520",$296 ,1544,$292 ,"1,533",$300 ,"1,461",$300 ,"1,443",$300 ,"1,472",$300 ,1477,$300 ,"1,467",$310 ,"1,529",$310 ,"1,551",$310 ,"1,563",$310 ,1528,$310 ,"1,561",$310 ,"1,549",$320 ,"1,514",$320 ,"1,485",$320 ,1527,$318 ,"1,492",$330 ,"1,469",$330 ,"1,499",$335 ,"1,528",$340 ,1497,$334 ,"1,534",$340 ,"1,526",$340 ,"1,506",$350 ,"1,515",$350 ,1520,$345 ,"1,520",$350 ,"1,547",$350 ,"1,577",$360 ,"1,558",$360 ,1551,$355 ,"1,564",$360 ,"1,506",$360 ,"1,374",$360 ,"1,358",$360 ,1451,$360 
,Sydenham,"1,932",$310 ,"1,929",$320 ,"1,937",$320 ,"1,965",$320 ,1941,$318 ,"1,941",$330 ,"1,985",$330 ,"2,074",$330 ,"2,083",$330 ,2021,$330 ,"1,995",$330 ,"1,949",$330 ,"1,933",$330 ,"2,013",$330 ,1973,$330 ,"2,168",$335 ,"2,211",$340 ,"2,216",$340 ,"2,187",$345 ,2196,$340 ,"2,238",$350 ,"2,272",$350 ,"2,273",$350 ,"2,284",$350 ,2267,$350 ,"2,273",$355 ,"2,263",$360 ,"2,262",$360 ,"2,226",$360 ,2256,$359 ,"2,223",$360 ,"2,208",$365 ,"2,226",$370 ,"2,225",$370 ,2221,$366 ,"2,189",$375 ,"2,177",$380 ,"2,152",$380 ,"2,151",$390 ,2167,$381 ,"2,159",$390 ,"2,227",$390 ,"2,275",$400 ,"2,336",$400 ,2249,$395 ,"2,368",$400 ,"2,354",$400 ,"2,391",$400 ,"2,431",$400 ,2386,$400 ,"2,475",$400 ,"2,435",$400 ,"2,293",$400 ,"2,323",$400 ,2382,$400 
,Werribee-Hoppers Crossing,"4,246",$275 ,"4,347",$275 ,"4,466",$280 ,"4,487",$280 ,4387,$278 ,"4,618",$281 ,"4,714",$285 ,"4,824",$290 ,"4,956",$290 ,4778,$287 ,"5,524",$290 ,"5,637",$290 ,"5,619",$290 ,"5,567",$290 ,5587,$290 ,"5,069",$290 ,"4,990",$290 ,"4,907",$290 ,"4,827",$290 ,4948,$290 ,"4,682",$295 ,"4,581",$300 ,"4,573",$300 ,"4,655",$300 ,4623,$299 ,"4,783",$305 ,"4,853",$310 ,"4,888",$310 ,"4,890",$315 ,4854,$310 ,"4,825",$320 ,"4,867",$320 ,"4,944",$330 ,"5,046",$330 ,4921,$325 ,"5,250",$330 ,"5,340",$340 ,"5,492",$345 ,"5,729",$350 ,5453,$341 ,"6,016",$355 ,"6,326",$360 ,"6,486",$360 ,"6,601",$365 ,6357,$360 ,"6,739",$370 ,"6,933",$370 ,"7,341",$370 ,"7,585",$370 ,7150,$370 ,"7,681",$370 ,"7,816",$370 ,"7,654",$370 ,"7,918",$365 ,7767,$369 
,West Footscray,893,$300 ,930,$300 ,994,$300 ,"1,006",$300 ,956,$300 ,"1,081",$305 ,"1,114",$310 ,"1,177",$310 ,"1,206",$310 ,1145,$309 ,"1,226",$320 ,"1,230",$320 ,"1,209",$320 ,"1,240",$320 ,1226,$320 ,"1,303",$320 ,"1,352",$320 ,"1,402",$320 ,"1,374",$320 ,1358,$320 ,"1,360",$320 ,"1,353",$330 ,"1,348",$330 ,"1,390",$330 ,1363,$328 ,"1,416",$330 ,"1,410",$330 ,"1,443",$340 ,"1,487",$340 ,1439,$335 ,"1,464",$350 ,"1,511",$350 ,"1,506",$360 ,"1,515",$360 ,1499,$355 ,"1,479",$360 ,"1,457",$360 ,"1,460",$370 ,"1,394",$375 ,1448,$366 ,"1,449",$380 ,"1,424",$380 ,"1,366",$380 ,"1,355",$380 ,1399,$380 ,"1,351",$390 ,"1,377",$390 ,"1,429",$400 ,"1,445",$400 ,1401,$395 ,"1,451",$400 ,"1,434",$410 ,"1,391",$400 ,"1,425",$400 ,1425,$403 
,Williamstown,511,$385 ,510,$380 ,495,$380 ,496,$390 ,503,$384 ,492,$400 ,488,$420 ,497,$430 ,492,$445 ,492,$424 ,497,$430 ,498,$430 ,519,$425 ,521,$440 ,509,$431 ,547,$450 ,548,$450 ,548,$450 ,547,$450 ,548,$450 ,551,$450 ,557,$450 ,560,$449 ,581,$440 ,562,$447 ,563,$450 ,562,$450 ,574,$450 ,572,$461 ,568,$453 ,580,$465 ,588,$480 ,588,$480 ,584,$490 ,585,$479 ,575,$490 ,543,$490 ,546,$480 ,556,$480 ,555,$485 ,553,$490 ,577,$495 ,574,$510 ,580,$520 ,571,$504 ,577,$520 ,593,$515 ,577,$510 ,559,$530 ,577,$519 ,547,$530 ,532,$530 ,509,$520 ,492,$518 ,520,$525 
,Yarraville-Seddon,"1,047",$340 ,"1,066",$350 ,"1,067",$350 ,"1,089",$350 ,1067,$348 ,"1,114",$350 ,"1,093",$350 ,"1,124",$350 ,"1,121",$350 ,1113,$350 ,"1,123",$360 ,"1,138",$368 ,"1,119",$370 ,"1,118",$375 ,1125,$368 ,"1,112",$375 ,"1,135",$380 ,"1,166",$375 ,"1,183",$385 ,1149,$379 ,"1,206",$395 ,"1,197",$395 ,"1,162",$400 ,"1,175",$400 ,1185,$398 ,"1,190",$400 ,"1,198",$410 ,"1,256",$415 ,"1,270",$420 ,1229,$411 ,"1,278",$420 ,"1,263",$420 ,"1,228",$430 ,"1,219",$430 ,1247,$425 ,"1,216",$445 ,"1,194",$450 ,"1,194",$450 ,"1,207",$455 ,1203,$450 ,"1,194",$460 ,"1,236",$460 ,"1,327",$465 ,"1,350",$470 ,1277,$464 ,"1,319",$480 ,"1,301",$480 ,"1,224",$490 ,"1,233",$490 ,1269,$485 ,"1,301",$495 ,"1,302",$495 ,"1,238",$490 ,"1,224",$485 ,1266,$491 
,Group Total,"18,425",$290 ,"18,934",$290 ,"19,508",$295 ,"19,948",$300 ,19204,$294 ,"20,421",$300 ,"20,902",$300 ,"21,717",$300 ,"22,171",$300 ,21303,$300 ,"23,083",$300 ,"23,364",$300 ,"23,491",$300 ,"23,547",$300 ,23371,$300 ,"23,377",$310 ,"23,641",$310 ,"23,574",$310 ,"23,369",$315 ,23490,$311 ,"23,100",$320 ,"22,822",$320 ,"22,730",$320 ,"23,170",$325 ,22956,$321 ,"23,442",$330 ,"23,614",$330 ,"23,826",$330 ,"23,930",$340 ,23703,$333 ,"23,975",$340 ,"24,056",$345 ,"24,257",$350 ,"24,447",$350 ,24184,$346 ,"24,912",$350 ,"25,126",$360 ,"25,388",$360 ,"25,614",$365 ,25260,$359 ,"25,854",$370 ,"26,290",$370 ,"26,596",$380 ,"26,763",$380 ,26376,$375 ,"27,012",$380 ,"27,345",$380 ,"27,958",$380 ,"28,661",$380 ,27744,$380 ,"28,969",$380 ,"28,811",$380 ,"27,530",$380 ,"27,707",$380 ,28254,$380 
North Western Melbourne,Broadmeadows-Roxburgh Park,"1,044",$300 ,"1,079",$300 ,"1,093",$300 ,"1,156",$310 ,1093,$303 ,"1,188",$310 ,"1,197",$310 ,"1,222",$312 ,"1,235",$320 ,1211,$313 ,"1,263",$315 ,"1,276",$315 ,"1,301",$312 ,"1,335",$310 ,1294,$313 ,"1,382",$310 ,"1,441",$310 ,"1,475",$310 ,"1,435",$311 ,1433,$310 ,"1,414",$320 ,"1,388",$320 ,"1,341",$320 ,"1,377",$320 ,1380,$320 ,"1,368",$322 ,"1,389",$325 ,"1,446",$330 ,"1,489",$330 ,1423,$327 ,"1,535",$330 ,"1,610",$330 ,"1,714",$330 ,"1,750",$340 ,1652,$333 ,"1,776",$340 ,"1,755",$345 ,"1,693",$350 ,"1,728",$350 ,1738,$346 ,"1,772",$360 ,"1,762",$360 ,"1,765",$369 ,"1,700",$370 ,1750,$365 ,"1,676",$370 ,"1,704",$370 ,"1,756",$370 ,"1,789",$370 ,1731,$370 ,"1,759",$370 ,"1,656",$370 ,"1,520",$370 ,"1,503",$370 ,1610,$370 
,Brunswick,"1,709",$350 ,"1,679",$350 ,"1,693",$350 ,"1,690",$360 ,1693,$353 ,"1,724",$370 ,"1,811",$370 ,"1,905",$380 ,"1,968",$390 ,1852,$378 ,"2,029",$390 ,"2,007",$395 ,"1,949",$395 ,"1,903",$395 ,1972,$394 ,"1,958",$400 ,"2,009",$400 ,"1,988",$400 ,"1,955",$400 ,1978,$400 ,"1,905",$400 ,"1,854",$400 ,"1,918",$400 ,"2,071",$400 ,1937,$400 ,"2,111",$400 ,"2,114",$400 ,"2,119",$410 ,"2,016",$420 ,2090,$408 ,"2,023",$420 ,"2,032",$420 ,"1,981",$420 ,"1,990",$430 ,2007,$423 ,"1,942",$430 ,"1,961",$440 ,"1,983",$450 ,"1,971",$450 ,1964,$443 ,"1,992",$450 ,"2,022",$450 ,"2,078",$460 ,"2,080",$465 ,2043,$456 ,"2,116",$470 ,"2,050",$470 ,"1,983",$470 ,"2,008",$480 ,2039,$473 ,"1,992",$480 ,"1,963",$475 ,"1,862",$475 ,"1,936",$460 ,1938,$473 
,Coburg-Pascoe Vale South,"1,043",$350 ,"1,056",$350 ,"1,097",$350 ,"1,134",$355 ,1083,$351 ,"1,167",$360 ,"1,175",$360 ,"1,244",$360 ,"1,314",$360 ,1225,$360 ,"1,376",$370 ,"1,382",$370 ,"1,328",$370 ,"1,314",$370 ,1350,$370 ,"1,259",$380 ,"1,325",$375 ,"1,353",$380 ,"1,335",$380 ,1318,$379 ,"1,367",$380 ,"1,376",$380 ,"1,391",$380 ,"1,399",$385 ,1383,$381 ,"1,399",$390 ,"1,331",$390 ,"1,336",$395 ,"1,334",$400 ,1350,$394 ,"1,330",$400 ,"1,382",$400 ,"1,367",$400 ,"1,373",$400 ,1363,$400 ,"1,390",$410 ,"1,452",$418 ,"1,488",$420 ,"1,458",$430 ,1447,$420 ,"1,452",$430 ,"1,380",$440 ,"1,409",$445 ,"1,473",$450 ,1429,$441 ,"1,466",$450 ,"1,447",$450 ,"1,406",$450 ,"1,367",$450 ,1422,$450 ,"1,359",$450 ,"1,362",$450 ,"1,298",$450 ,"1,302",$460 ,1330,$453 
,Craigieburn,660,$310 ,685,$320 ,709,$320 ,783,$320 ,709,$318 ,780,$330 ,837,$330 ,944,$330 ,"1,014",$330 ,894,$330 ,"1,163",$330 ,"1,207",$330 ,"1,232",$330 ,"1,219",$325 ,1205,$329 ,"1,240",$320 ,"1,293",$320 ,"1,373",$320 ,"1,461",$320 ,1342,$320 ,"1,426",$330 ,"1,461",$330 ,"1,469",$330 ,"1,512",$330 ,1467,$330 ,"1,586",$330 ,"1,608",$330 ,"1,599",$330 ,"1,630",$340 ,1606,$333 ,"1,650",$340 ,"1,734",$340 ,"1,792",$345 ,"1,837",$350 ,1753,$344 ,"1,904",$350 ,"1,862",$350 ,"1,903",$350 ,"1,943",$360 ,1903,$353 ,"1,931",$360 ,"1,990",$370 ,"2,032",$380 ,"2,061",$380 ,2004,$373 ,"2,215",$380 ,"2,318",$380 ,"2,430",$390 ,"2,539",$390 ,2376,$385 ,"2,548",$390 ,"2,562",$390 ,"2,567",$390 ,"2,605",$390 ,2571,$390 
,East Brunswick,462,$370 ,484,$380 ,492,$390 ,495,$390 ,483,$383 ,519,$400 ,522,$400 ,564,$410 ,607,$420 ,553,$408 ,601,$420 ,608,$430 ,590,$430 ,594,$420 ,598,$425 ,651,$420 ,668,$410 ,703,$420 ,787,$400 ,702,$413 ,823,$400 ,976,$385 ,"1,151",$380 ,"1,106",$385 ,1014,$388 ,"1,090",$382 ,"1,019",$400 ,884,$400 ,"1,035",$420 ,1007,$401 ,"1,083",$420 ,"1,149",$424 ,"1,408",$420 ,"1,312",$400 ,1238,$416 ,"1,298",$400 ,"1,274",$420 ,"1,110",$440 ,"1,154",$443 ,1209,$426 ,"1,178",$440 ,"1,196",$435 ,"1,270",$430 ,"1,301",$435 ,1236,$435 ,"1,348",$445 ,"1,339",$450 ,"1,293",$460 ,"1,266",$463 ,1312,$455 ,"1,219",$460 ,"1,304",$450 ,"1,280",$450 ,"1,332",$425 ,1284,$446 
,Essendon,"1,490",$320 ,"1,527",$320 ,"1,626",$330 ,"1,654",$330 ,1574,$325 ,"1,722",$330 ,"1,718",$335 ,"1,722",$340 ,"1,738",$340 ,1725,$336 ,"1,749",$350 ,"1,876",$350 ,"1,950",$350 ,"2,004",$350 ,1895,$350 ,"2,014",$350 ,"1,985",$350 ,"1,934",$350 ,"1,961",$350 ,1974,$350 ,"1,978",$350 ,"2,025",$350 ,"2,050",$350 ,"2,032",$350 ,2021,$350 ,"2,100",$355 ,"2,078",$353 ,"2,138",$360 ,"2,248",$360 ,2141,$357 ,"2,256",$360 ,"2,326",$370 ,"2,312",$370 ,"2,291",$380 ,2296,$370 ,"2,387",$380 ,"2,358",$390 ,"2,367",$390 ,"2,411",$390 ,2381,$388 ,"2,356",$400 ,"2,358",$400 ,"2,327",$400 ,"2,319",$400 ,2340,$400 ,"2,279",$410 ,"2,327",$410 ,"2,377",$410 ,"2,330",$415 ,2328,$411 ,"2,406",$415 ,"2,325",$415 ,"2,244",$415 ,"2,234",$410 ,2302,$414 
,Gladstone Park-Tullamarine,486,$290 ,495,$300 ,513,$300 ,518,$310 ,503,$300 ,554,$310 ,565,$310 ,570,$311 ,567,$320 ,564,$313 ,606,$320 ,627,$325 ,653,$325 ,673,$320 ,640,$323 ,647,$320 ,651,$320 ,639,$320 ,629,$320 ,642,$320 ,616,$330 ,608,$330 ,605,$330 ,612,$330 ,610,$330 ,638,$330 ,644,$335 ,670,$335 ,668,$340 ,655,$335 ,632,$340 ,581,$340 ,566,$347 ,566,$350 ,586,$344 ,579,$350 ,599,$360 ,568,$360 ,592,$370 ,585,$360 ,604,$370 ,614,$380 ,631,$380 ,625,$380 ,619,$378 ,629,$380 ,629,$385 ,643,$390 ,649,$390 ,638,$386 ,644,$395 ,691,$390 ,641,$390 ,625,$390 ,650,$391 
,Keilor,66,$350 ,67,$350 ,59,$350 ,65,$350 ,64,$350 ,54,$350 ,60,$340 ,57,$340 ,60,$350 ,58,$345 ,67,$350 ,75,$350 ,82,$360 ,81,$360 ,76,$355 ,80,$360 ,76,$365 ,76,$373 ,75,$380 ,77,$370 ,82,$380 ,79,$370 ,75,$370 ,80,$370 ,79,$373 ,71,$370 ,65,$370 ,66,$388 ,62,$380 ,66,$377 ,65,$390 ,69,$400 ,66,$400 ,62,$418 ,66,$402 ,65,$425 ,66,$400 ,66,$400 ,68,$400 ,66,$406 ,63,$400 ,65,$430 ,61,$460 ,59,$450 ,62,$435 ,56,$450 ,54,$450 ,62,$420 ,64,$420 ,59,$435 ,65,$420 ,57,$410 ,54,$410 ,51,$410 ,57,$413 
,Moonee Ponds-Ascot Vale,"1,165",$350 ,"1,174",$350 ,"1,221",$360 ,"1,236",$360 ,1199,$355 ,"1,253",$370 ,"1,275",$375 ,"1,246",$380 ,"1,194",$380 ,1242,$376 ,"1,332",$385 ,"1,351",$390 ,"1,323",$390 ,"1,378",$390 ,1346,$389 ,"1,291",$390 ,"1,321",$390 ,"1,370",$385 ,"1,374",$380 ,1339,$386 ,"1,387",$380 ,"1,375",$380 ,"1,377",$390 ,"1,418",$390 ,1389,$385 ,"1,445",$390 ,"1,428",$390 ,"1,485",$390 ,"1,520",$400 ,1470,$393 ,"1,530",$400 ,"1,600",$400 ,"1,612",$400 ,"1,565",$400 ,1577,$400 ,"1,602",$410 ,"1,603",$410 ,"1,582",$420 ,"1,601",$430 ,1597,$418 ,"1,578",$430 ,"1,537",$440 ,"1,473",$440 ,"1,558",$440 ,1537,$438 ,"1,746",$440 ,"1,788",$450 ,"1,910",$440 ,"1,889",$450 ,1833,$445 ,"1,905",$440 ,"1,877",$430 ,"1,755",$430 ,"1,871",$425 ,1852,$431 
,Oak Park-Glenroy-Fawkner,"1,202",$300 ,"1,244",$310 ,"1,305",$320 ,"1,316",$320 ,1267,$313 ,"1,388",$320 ,"1,432",$330 ,"1,463",$330 ,"1,493",$330 ,1444,$328 ,"1,533",$330 ,"1,575",$330 ,"1,597",$325 ,"1,638",$324 ,1586,$327 ,"1,621",$320 ,"1,666",$320 ,"1,696",$320 ,"1,654",$330 ,1659,$323 ,"1,687",$330 ,"1,632",$330 ,"1,614",$330 ,"1,676",$340 ,1652,$333 ,"1,686",$340 ,"1,708",$340 ,"1,727",$345 ,"1,721",$350 ,1711,$344 ,"1,733",$350 ,"1,805",$350 ,"1,832",$350 ,"1,897",$350 ,1817,$350 ,"1,905",$360 ,"1,884",$360 ,"1,944",$370 ,"1,935",$370 ,1917,$365 ,"2,010",$380 ,"2,038",$380 ,"2,016",$380 ,"2,004",$390 ,2017,$383 ,"1,991",$390 ,"2,007",$390 ,"2,018",$400 ,"2,050",$400 ,2017,$395 ,"2,054",$400 ,"1,980",$400 ,"1,896",$400 ,"1,898",$400 ,1957,$400 
,Pascoe Vale-Coburg North,717,$320 ,715,$320 ,741,$330 ,806,$330 ,745,$325 ,860,$340 ,886,$340 ,889,$340 ,880,$340 ,879,$340 ,891,$350 ,879,$345 ,913,$345 ,943,$345 ,907,$346 ,954,$340 ,"1,007",$340 ,"1,026",$340 ,"1,024",$340 ,1003,$340 ,"1,037",$350 ,"1,038",$350 ,"1,062",$350 ,"1,049",$350 ,1047,$350 ,"1,067",$350 ,"1,090",$350 ,"1,092",$360 ,"1,150",$360 ,1100,$355 ,"1,149",$360 ,"1,158",$365 ,"1,198",$370 ,"1,186",$380 ,1173,$369 ,"1,194",$385 ,"1,229",$390 ,"1,229",$400 ,"1,308",$400 ,1240,$394 ,"1,344",$400 ,"1,279",$400 ,"1,296",$400 ,"1,240",$410 ,1290,$403 ,"1,241",$410 ,"1,264",$420 ,"1,254",$420 ,"1,276",$420 ,1259,$418 ,"1,272",$420 ,"1,252",$420 ,"1,166",$420 ,"1,125",$420 ,1204,$420 
,Sunbury,703,$280 ,713,$285 ,748,$290 ,749,$295 ,728,$288 ,782,$300 ,759,$300 ,781,$305 ,809,$310 ,783,$304 ,840,$310 ,907,$310 ,911,$310 ,935,$310 ,898,$310 ,939,$315 ,951,$310 ,949,$320 ,934,$320 ,943,$316 ,960,$320 ,928,$320 ,962,$320 ,974,$320 ,956,$320 ,950,$320 ,976,$330 ,938,$330 ,937,$330 ,950,$328 ,932,$330 ,887,$330 ,905,$330 ,885,$335 ,902,$331 ,887,$340 ,895,$340 ,886,$350 ,924,$350 ,898,$345 ,947,$360 ,952,$360 ,964,$363 ,947,$370 ,953,$363 ,914,$370 ,915,$375 ,895,$380 ,915,$380 ,910,$376 ,941,$375 ,945,$370 ,874,$370 ,842,$380 ,901,$374 
,West Brunswick,716,$285 ,730,$290 ,712,$290 ,733,$295 ,723,$290 ,733,$300 ,742,$300 ,750,$300 ,750,$300 ,744,$300 ,825,$300 ,920,$320 ,997,$330 ,"1,007",$339 ,937,$322 ,"1,001",$330 ,978,$327 ,"1,025",$320 ,"1,070",$320 ,1019,$324 ,"1,087",$320 ,"1,052",$325 ,"1,037",$330 ,"1,051",$330 ,1057,$326 ,"1,091",$330 ,"1,097",$330 ,"1,065",$330 ,"1,040",$335 ,1073,$331 ,"1,041",$340 ,"1,076",$340 ,"1,096",$350 ,"1,143",$350 ,1089,$345 ,"1,183",$350 ,"1,182",$350 ,"1,188",$350 ,"1,198",$360 ,1188,$353 ,"1,191",$360 ,"1,199",$365 ,"1,216",$370 ,"1,199",$375 ,1201,$368 ,"1,150",$380 ,"1,133",$380 ,"1,105",$390 ,"1,095",$390 ,1121,$385 ,"1,096",$400 ,"1,217",$400 ,"1,206",$390 ,"1,237",$385 ,1189,$394 
,Group Total,"11,463",$320 ,"11,648",$320 ,"12,009",$325 ,"12,335",$330 ,11864,$324 ,"12,724",$330 ,"12,979",$335 ,"13,357",$340 ,"13,629",$340 ,13172,$336 ,"14,275",$340 ,"14,690",$340 ,"14,826",$340 ,"15,024",$340 ,14704,$340 ,"15,037",$340 ,"15,371",$340 ,"15,607",$340 ,"15,694",$340 ,15427,$340 ,"15,769",$344 ,"15,792",$350 ,"16,052",$350 ,"16,357",$350 ,15993,$349 ,"16,602",$350 ,"16,547",$350 ,"16,565",$350 ,"16,850",$350 ,16641,$350 ,"16,959",$360 ,"17,409",$360 ,"17,849",$360 ,"17,857",$365 ,17519,$361 ,"18,112",$370 ,"18,120",$375 ,"18,007",$380 ,"18,291",$380 ,18133,$376 ,"18,418",$390 ,"18,392",$390 ,"18,538",$400 ,"18,566",$400 ,18479,$395 ,"18,827",$400 ,"18,975",$400 ,"19,132",$400 ,"19,237",$400 ,19043,$400 ,"19,260",$400 ,"19,191",$400 ,"18,363",$400 ,"18,561",$400 ,18844,$400 
North Eastern Melbourne,Bundoora-Greensborough-Hurstbridge,"2,163",$323 ,"2,246",$330 ,"2,370",$335 ,"2,405",$340 ,2296,$332 ,"2,516",$340 ,"2,568",$350 ,"2,657",$350 ,"2,726",$350 ,2617,$348 ,"2,979",$350 ,"3,041",$350 ,"3,042",$349 ,"3,098",$345 ,3040,$349 ,"2,966",$340 ,"3,069",$340 ,"3,122",$340 ,"3,198",$340 ,3089,$340 ,"3,237",$345 ,"3,165",$350 ,"3,181",$350 ,"3,109",$350 ,3173,$349 ,"3,124",$350 ,"3,116",$350 ,"3,105",$355 ,"3,208",$360 ,3138,$354 ,"3,253",$360 ,"3,393",$360 ,"3,465",$360 ,"3,437",$360 ,3387,$360 ,"3,416",$365 ,"3,377",$370 ,"3,312",$380 ,"3,347",$380 ,3363,$374 ,"3,278",$385 ,"3,268",$390 ,"3,366",$390 ,"3,354",$395 ,3317,$390 ,"3,365",$400 ,"3,332",$400 ,"3,296",$400 ,"3,256",$400 ,3312,$400 ,"3,187",$400 ,"3,148",$400 ,"2,905",$400 ,"2,888",$400 ,3032,$400 
,Eltham-Research-Montmorency,669,$340 ,681,$340 ,696,$350 ,684,$355 ,683,$346 ,683,$360 ,684,$360 ,687,$360 ,702,$365 ,689,$361 ,706,$365 ,731,$360 ,719,$365 ,730,$365 ,722,$364 ,746,$360 ,720,$370 ,722,$365 ,715,$365 ,726,$365 ,691,$370 ,698,$370 ,703,$385 ,722,$390 ,704,$379 ,731,$390 ,732,$400 ,719,$400 ,720,$400 ,726,$398 ,733,$400 ,753,$400 ,770,$400 ,746,$410 ,751,$403 ,714,$410 ,703,$415 ,677,$425 ,687,$430 ,695,$420 ,699,$440 ,685,$440 ,704,$448 ,681,$450 ,692,$445 ,674,$450 ,661,$450 ,647,$450 ,651,$450 ,658,$450 ,665,$450 ,682,$450 ,637,$460 ,615,$465 ,650,$456 
,Fairfield-Alphington,517,$300 ,545,$310 ,570,$320 ,573,$320 ,551,$313 ,585,$320 ,565,$320 ,552,$325 ,565,$325 ,567,$323 ,597,$330 ,666,$330 ,666,$325 ,647,$330 ,644,$329 ,643,$335 ,631,$340 ,656,$345 ,681,$350 ,653,$343 ,699,$345 ,681,$350 ,655,$350 ,649,$350 ,671,$349 ,647,$350 ,641,$345 ,657,$340 ,645,$345 ,648,$345 ,675,$360 ,697,$365 ,708,$370 ,730,$375 ,703,$368 ,678,$375 ,659,$375 ,653,$385 ,665,$395 ,664,$383 ,704,$400 ,714,$400 ,687,$410 ,708,$410 ,703,$405 ,663,$420 ,671,$445 ,703,$450 ,662,$460 ,675,$444 ,687,$460 ,653,$440 ,616,$420 ,637,$420 ,648,$435 
,Heidelberg-Heidelberg West,973,$320 ,955,$330 ,996,$330 ,"1,025",$335 ,987,$329 ,993,$335 ,974,$340 ,"1,017",$340 ,"1,050",$350 ,1009,$341 ,"1,110",$350 ,"1,116",$350 ,"1,089",$350 ,"1,069",$345 ,1096,$349 ,"1,101",$350 ,"1,105",$350 ,"1,115",$350 ,"1,095",$350 ,1104,$350 ,"1,089",$360 ,"1,123",$360 ,"1,146",$360 ,"1,238",$360 ,1149,$360 ,"1,268",$360 ,"1,278",$360 ,"1,293",$360 ,"1,242",$360 ,1270,$360 ,"1,240",$365 ,"1,229",$370 ,"1,216",$375 ,"1,220",$380 ,1226,$373 ,"1,252",$388 ,"1,328",$390 ,"1,370",$395 ,"1,411",$400 ,1340,$393 ,"1,425",$405 ,"1,426",$410 ,"1,415",$420 ,"1,398",$410 ,1416,$411 ,"1,395",$420 ,"1,363",$420 ,"1,372",$420 ,"1,403",$420 ,1383,$420 ,"1,410",$425 ,"1,396",$420 ,"1,319",$420 ,"1,321",$420 ,1362,$421 
,Ivanhoe-Ivanhoe East,524,$350 ,538,$350 ,542,$350 ,545,$355 ,537,$351 ,533,$360 ,521,$365 ,509,$380 ,503,$385 ,517,$373 ,506,$392 ,523,$390 ,528,$390 ,506,$390 ,516,$391 ,483,$385 ,503,$380 ,498,$390 ,498,$385 ,496,$385 ,550,$395 ,522,$400 ,539,$400 ,569,$400 ,545,$399 ,544,$400 ,577,$410 ,575,$420 ,556,$425 ,563,$414 ,585,$430 ,586,$420 ,608,$420 ,673,$430 ,613,$425 ,742,$440 ,756,$450 ,806,$450 ,800,$450 ,776,$448 ,733,$450 ,728,$450 ,731,$465 ,711,$450 ,726,$454 ,749,$465 ,740,$465 ,725,$460 ,731,$460 ,736,$463 ,757,$465 ,763,$460 ,694,$473 ,659,$470 ,718,$467 
,Mill Park-Epping,"1,554",$320 ,"1,603",$320 ,"1,716",$330 ,"1,792",$330 ,1666,$325 ,"1,837",$330 ,"1,839",$330 ,"1,900",$330 ,"1,912",$335 ,1872,$331 ,"2,026",$335 ,"2,102",$330 ,"2,083",$330 ,"2,114",$330 ,2081,$331 ,"2,073",$330 ,"2,136",$330 ,"2,215",$330 ,"2,228",$330 ,2163,$330 ,"2,210",$330 ,"2,191",$330 ,"2,153",$330 ,"2,169",$330 ,2181,$330 ,"2,183",$330 ,"2,190",$330 ,"2,172",$340 ,"2,172",$340 ,2179,$335 ,"2,232",$340 ,"2,230",$345 ,"2,237",$345 ,"2,250",$350 ,2237,$345 ,"2,218",$350 ,"2,226",$350 ,"2,189",$360 ,"2,184",$360 ,2204,$355 ,"2,192",$360 ,"2,157",$370 ,"2,111",$370 ,"2,053",$370 ,2128,$368 ,"2,072",$370 ,"2,071",$370 ,"2,128",$370 ,"2,198",$375 ,2117,$371 ,"2,136",$380 ,"2,139",$375 ,"2,000",$380 ,"1,919",$380 ,2049,$379 
,Northcote,931,$390 ,929,$390 ,958,$400 ,979,$400 ,949,$395 ,990,$400 ,"1,003",$410 ,"1,020",$410 ,998,$420 ,1003,$410 ,"1,067",$430 ,"1,101",$430 ,"1,095",$430 ,"1,098",$430 ,1090,$430 ,"1,093",$425 ,"1,106",$440 ,"1,164",$440 ,"1,210",$440 ,1143,$436 ,"1,243",$440 ,"1,276",$450 ,"1,303",$450 ,"1,286",$450 ,1277,$448 ,"1,287",$450 ,"1,279",$450 ,"1,257",$450 ,"1,300",$450 ,1281,$450 ,"1,312",$450 ,"1,344",$450 ,"1,347",$440 ,"1,319",$450 ,1331,$448 ,"1,370",$460 ,"1,377",$460 ,"1,393",$470 ,"1,426",$475 ,1392,$466 ,"1,420",$480 ,"1,411",$495 ,"1,433",$500 ,"1,414",$500 ,1420,$494 ,"1,396",$500 ,"1,376",$500 ,"1,309",$500 ,"1,266",$500 ,1337,$500 ,"1,244",$500 ,"1,217",$500 ,"1,197",$500 ,"1,260",$500 ,1230,$500 
,Preston,"1,108",$330 ,"1,161",$330 ,"1,192",$340 ,"1,232",$350 ,1173,$338 ,"1,213",$350 ,"1,216",$350 ,"1,226",$350 ,"1,236",$350 ,1223,$350 ,"1,376",$358 ,"1,366",$350 ,"1,447",$350 ,"1,513",$350 ,1426,$352 ,"1,461",$350 ,"1,500",$355 ,"1,436",$355 ,"1,404",$360 ,1450,$355 ,"1,393",$360 ,"1,400",$360 ,"1,410",$365 ,"1,448",$370 ,1413,$364 ,"1,492",$370 ,"1,480",$370 ,"1,530",$370 ,"1,538",$380 ,1510,$373 ,"1,597",$380 ,"1,657",$380 ,"1,683",$380 ,"1,703",$390 ,1660,$383 ,"1,695",$390 ,"1,704",$395 ,"1,734",$400 ,"1,664",$400 ,1699,$396 ,"1,632",$410 ,"1,658",$413 ,"1,591",$420 ,"1,637",$420 ,1630,$416 ,"1,590",$420 ,"1,546",$430 ,"1,598",$420 ,"1,600",$430 ,1584,$425 ,"1,740",$425 ,"1,704",$420 ,"1,574",$425 ,"1,649",$420 ,1667,$423 
,Reservoir,"1,583",$290 ,"1,593",$300 ,"1,622",$300 ,"1,671",$300 ,1617,$298 ,"1,668",$310 ,"1,740",$310 ,"1,817",$310 ,"1,830",$315 ,1764,$311 ,"1,844",$315 ,"1,844",$315 ,"1,860",$310 ,"1,929",$310 ,1869,$313 ,"2,020",$320 ,"2,053",$320 ,"2,048",$320 ,"2,000",$320 ,2030,$320 ,"1,962",$320 ,"1,986",$320 ,"1,951",$320 ,"1,974",$329 ,1968,$322 ,"2,008",$330 ,"1,986",$330 ,"1,995",$330 ,"2,050",$330 ,2010,$330 ,"2,025",$340 ,"2,052",$340 ,"2,082",$340 ,"2,068",$345 ,2057,$341 ,"2,107",$350 ,"2,097",$350 ,"2,111",$350 ,"2,076",$360 ,2098,$353 ,"2,114",$360 ,"2,136",$370 ,"2,110",$370 ,"2,115",$370 ,2119,$368 ,"2,084",$380 ,"2,078",$380 ,"2,180",$380 ,"2,188",$380 ,2133,$380 ,"2,189",$380 ,"2,104",$380 ,"1,915",$385 ,"1,942",$385 ,2038,$383 
,Thomastown-Lalor,719,$290 ,747,$290 ,775,$300 ,818,$300 ,765,$295 ,858,$300 ,859,$300 ,947,$300 ,973,$300 ,909,$300 ,"1,039",$305 ,"1,080",$300 ,"1,061",$309 ,"1,033",$305 ,1053,$305 ,"1,005",$300 ,"1,049",$310 ,"1,092",$310 ,"1,100",$310 ,1062,$308 ,"1,122",$310 ,"1,069",$310 ,"1,036",$320 ,"1,053",$320 ,1070,$315 ,"1,066",$320 ,"1,074",$320 ,"1,059",$320 ,"1,089",$320 ,1072,$320 ,"1,071",$325 ,"1,116",$330 ,"1,143",$330 ,"1,118",$330 ,1112,$329 ,"1,135",$340 ,"1,107",$340 ,"1,112",$340 ,"1,122",$350 ,1119,$343 ,"1,112",$350 ,"1,138",$350 ,"1,096",$360 ,"1,122",$360 ,1117,$355 ,"1,133",$360 ,"1,101",$360 ,"1,145",$360 ,"1,139",$360 ,1130,$360 ,"1,191",$365 ,"1,177",$365 ,"1,085",$360 ,"1,077",$360 ,1133,$363 
,Thornbury,906,$300 ,949,$300 ,955,$310 ,958,$301 ,942,$303 ,998,$300 ,"1,020",$300 ,"1,036",$300 ,"1,029",$320 ,1021,$305 ,"1,119",$330 ,"1,119",$340 ,"1,121",$340 ,"1,103",$330 ,1116,$335 ,"1,035",$330 ,"1,042",$330 ,"1,056",$330 ,"1,075",$330 ,1052,$330 ,"1,064",$338 ,"1,048",$340 ,"1,079",$340 ,"1,088",$350 ,1070,$342 ,"1,150",$350 ,"1,170",$350 ,"1,180",$350 ,"1,192",$360 ,1173,$353 ,"1,180",$360 ,"1,210",$365 ,"1,218",$365 ,"1,198",$365 ,1202,$364 ,"1,194",$375 ,"1,167",$370 ,"1,179",$390 ,"1,214",$400 ,1189,$384 ,"1,233",$405 ,"1,216",$410 ,"1,185",$420 ,"1,130",$420 ,1191,$414 ,"1,079",$420 ,"1,090",$420 ,"1,060",$425 ,"1,100",$420 ,1082,$421 ,"1,111",$430 ,"1,096",$420 ,"1,083",$420 ,"1,075",$420 ,1091,$423 
,Whittlesea,251,$325 ,278,$330 ,271,$335 ,326,$340 ,282,$333 ,348,$350 ,386,$350 ,428,$350 ,449,$350 ,403,$350 ,461,$345 ,571,$335 ,709,$330 ,777,$330 ,630,$335 ,848,$330 ,859,$330 ,837,$330 ,843,$330 ,847,$330 ,880,$330 ,872,$330 ,894,$330 ,906,$330 ,888,$330 ,920,$335 ,961,$340 ,"1,009",$340 ,"1,131",$340 ,1005,$339 ,"1,203",$340 ,"1,238",$340 ,"1,284",$350 ,"1,272",$350 ,1249,$345 ,"1,305",$350 ,"1,338",$350 ,"1,299",$360 ,"1,289",$360 ,1308,$355 ,"1,251",$365 ,"1,220",$370 ,"1,226",$375 ,"1,219",$380 ,1229,$373 ,"1,274",$380 ,"1,308",$380 ,"1,405",$380 ,"1,485",$390 ,1368,$383 ,"1,569",$390 ,"1,646",$390 ,"1,608",$390 ,"1,590",$390 ,1603,$390 
,Group Total,"11,898",$320 ,"12,225",$320 ,"12,663",$330 ,"13,008",$330 ,12449,$325 ,"13,222",$330 ,"13,375",$335 ,"13,796",$340 ,"13,973",$340 ,13592,$336 ,"14,830",$340 ,"15,260",$340 ,"15,420",$340 ,"15,617",$340 ,15282,$340 ,"15,474",$340 ,"15,773",$340 ,"15,961",$340 ,"16,047",$340 ,15814,$340 ,"16,140",$340 ,"16,031",$340 ,"16,050",$345 ,"16,211",$350 ,16108,$344 ,"16,420",$350 ,"16,484",$350 ,"16,551",$350 ,"16,843",$350 ,16575,$350 ,"17,106",$350 ,"17,505",$355 ,"17,761",$360 ,"17,734",$360 ,17527,$356 ,"17,826",$360 ,"17,839",$370 ,"17,835",$375 ,"17,885",$380 ,17846,$371 ,"17,793",$380 ,"17,757",$390 ,"17,655",$390 ,"17,542",$395 ,17687,$389 ,"17,474",$400 ,"17,337",$400 ,"17,568",$400 ,"17,679",$400 ,17515,$400 ,"17,886",$400 ,"17,725",$400 ,"16,633",$400 ,"16,632",$400 ,17219,$400 
Outer Eastern Melbourne,Bayswater,445,$285 ,434,$290 ,450,$298 ,488,$310 ,454,$296 ,515,$310 ,514,$316 ,532,$320 ,556,$320 ,529,$317 ,555,$320 ,601,$320 ,590,$320 ,554,$320 ,575,$320 ,549,$320 ,568,$320 ,573,$330 ,578,$335 ,567,$326 ,604,$335 ,589,$335 ,611,$340 ,628,$340 ,608,$338 ,614,$340 ,596,$345 ,585,$350 ,593,$350 ,597,$346 ,598,$350 ,662,$350 ,687,$350 ,721,$350 ,667,$350 ,738,$355 ,716,$360 ,686,$368 ,670,$370 ,703,$363 ,682,$375 ,661,$380 ,682,$380 ,679,$380 ,676,$379 ,680,$385 ,699,$390 ,692,$390 ,676,$390 ,687,$389 ,683,$390 ,674,$390 ,619,$390 ,615,$390 ,648,$390 
,Boronia,587,$300 ,590,$310 ,601,$311 ,619,$320 ,599,$310 ,638,$320 ,644,$320 ,642,$320 ,646,$330 ,643,$323 ,679,$330 ,705,$330 ,732,$325 ,758,$325 ,719,$328 ,772,$330 ,778,$330 ,780,$330 ,774,$340 ,776,$333 ,752,$340 ,726,$340 ,705,$340 ,675,$340 ,715,$340 ,655,$350 ,682,$350 ,729,$350 ,781,$350 ,712,$350 ,797,$350 ,793,$350 ,767,$350 ,761,$360 ,780,$353 ,777,$360 ,806,$360 ,819,$370 ,827,$370 ,807,$365 ,849,$380 ,865,$380 ,887,$385 ,882,$390 ,871,$384 ,889,$390 ,858,$390 ,837,$390 ,819,$390 ,851,$390 ,796,$390 ,797,$390 ,742,$395 ,728,$395 ,766,$393 
,Croydon-Lilydale,"1,869",$300 ,"1,921",$310 ,"1,959",$315 ,"2,007",$320 ,1939,$311 ,"2,025",$330 ,"2,004",$330 ,"2,067",$330 ,"2,068",$340 ,2041,$333 ,"2,085",$340 ,"2,088",$340 ,"2,098",$340 ,"2,120",$340 ,2098,$340 ,"2,140",$340 ,"2,192",$340 ,"2,204",$340 ,"2,247",$345 ,2196,$341 ,"2,246",$350 ,"2,238",$350 ,"2,191",$350 ,"2,203",$352 ,2220,$351 ,"2,214",$360 ,"2,269",$360 ,"2,369",$360 ,"2,382",$365 ,2309,$361 ,"2,413",$370 ,"2,434",$370 ,"2,459",$375 ,"2,489",$380 ,2449,$374 ,"2,510",$380 ,"2,518",$380 ,"2,483",$385 ,"2,490",$390 ,2500,$384 ,"2,447",$395 ,"2,395",$400 ,"2,374",$400 ,"2,363",$400 ,2395,$399 ,"2,436",$400 ,"2,455",$410 ,"2,494",$410 ,"2,507",$410 ,2473,$408 ,"2,439",$410 ,"2,372",$410 ,"2,143",$420 ,"2,030",$420 ,2246,$415 
,Ferntree Gully,445,$300 ,442,$310 ,426,$320 ,442,$320 ,439,$313 ,457,$320 ,467,$320 ,479,$330 ,507,$330 ,478,$325 ,513,$325 ,565,$320 ,590,$320 ,571,$325 ,560,$323 ,561,$330 ,505,$335 ,486,$340 ,508,$340 ,515,$336 ,519,$340 ,522,$340 ,513,$345 ,501,$350 ,514,$344 ,498,$350 ,518,$350 ,518,$350 ,516,$360 ,513,$353 ,534,$370 ,538,$370 ,553,$370 ,583,$370 ,552,$370 ,589,$380 ,597,$380 ,606,$390 ,623,$395 ,604,$386 ,601,$395 ,625,$400 ,628,$400 ,603,$400 ,614,$399 ,641,$400 ,633,$400 ,630,$400 ,623,$410 ,632,$403 ,594,$413 ,563,$420 ,528,$420 ,502,$420 ,547,$418 
,Ringwood,"1,189",$300 ,"1,189",$310 ,"1,223",$320 ,"1,214",$320 ,1204,$313 ,"1,254",$320 ,"1,221",$321 ,"1,302",$330 ,"1,315",$330 ,1273,$325 ,"1,352",$335 ,"1,407",$335 ,"1,396",$330 ,"1,420",$330 ,1394,$333 ,"1,374",$330 ,"1,421",$330 ,"1,413",$335 ,"1,437",$340 ,1411,$334 ,"1,447",$340 ,"1,404",$345 ,"1,390",$350 ,"1,409",$350 ,1413,$346 ,"1,449",$350 ,"1,432",$360 ,"1,460",$360 ,"1,490",$360 ,1458,$358 ,"1,547",$360 ,"1,603",$365 ,"1,616",$370 ,"1,608",$370 ,1594,$366 ,"1,601",$380 ,"1,622",$380 ,"1,643",$380 ,"1,668",$385 ,1634,$381 ,"1,674",$385 ,"1,649",$390 ,"1,619",$395 ,"1,586",$400 ,1632,$393 ,"1,563",$400 ,"1,614",$400 ,"1,689",$400 ,"1,742",$400 ,1652,$400 ,"1,723",$410 ,"1,636",$410 ,"1,486",$415 ,"1,421",$415 ,1567,$413 
,Rowville,447,$350 ,435,$360 ,442,$360 ,454,$370 ,445,$360 ,463,$380 ,468,$380 ,475,$380 ,468,$380 ,469,$380 ,436,$390 ,452,$390 ,467,$390 ,462,$395 ,454,$391 ,460,$395 ,447,$400 ,452,$400 ,471,$400 ,458,$399 ,490,$400 ,460,$400 ,473,$400 ,493,$400 ,479,$400 ,512,$400 ,561,$400 ,572,$410 ,541,$410 ,547,$405 ,553,$420 ,552,$420 ,544,$420 ,558,$420 ,552,$420 ,553,$435 ,539,$440 ,524,$440 ,555,$441 ,543,$439 ,546,$440 ,561,$445 ,579,$450 ,581,$450 ,567,$446 ,610,$450 ,590,$450 ,596,$450 ,607,$450 ,601,$450 ,590,$450 ,591,$450 ,526,$450 ,475,$460 ,546,$453 
,Wantirna-Scoresby,689,$340 ,686,$350 ,679,$350 ,693,$350 ,687,$348 ,693,$360 ,704,$355 ,722,$360 ,769,$360 ,722,$359 ,805,$362 ,809,$365 ,841,$365 ,823,$370 ,820,$366 ,811,$370 ,836,$370 ,817,$375 ,799,$375 ,816,$373 ,807,$380 ,797,$380 ,827,$380 ,841,$380 ,818,$380 ,872,$390 ,897,$395 ,934,$395 ,"1,057",$400 ,940,$395 ,"1,091",$400 ,"1,131",$400 ,"1,162",$400 ,"1,108",$400 ,1123,$400 ,"1,120",$410 ,"1,157",$420 ,"1,168",$420 ,"1,179",$430 ,1156,$420 ,"1,172",$430 ,"1,177",$430 ,"1,158",$440 ,"1,181",$440 ,1172,$435 ,"1,227",$445 ,"1,204",$440 ,"1,205",$440 ,"1,194",$440 ,1208,$441 ,"1,209",$440 ,"1,170",$440 ,"1,084",$445 ,"1,042",$445 ,1126,$443 
,Yarra Ranges,"1,176",$285 ,"1,174",$293 ,"1,191",$295 ,"1,172",$300 ,1178,$293 ,"1,133",$310 ,"1,139",$310 ,"1,129",$320 ,"1,162",$320 ,1141,$315 ,"1,265",$320 ,"1,274",$320 ,"1,296",$320 ,"1,287",$320 ,1281,$320 ,"1,222",$330 ,"1,211",$325 ,"1,194",$330 ,"1,185",$330 ,1203,$329 ,"1,172",$330 ,"1,158",$330 ,"1,146",$335 ,"1,192",$340 ,1167,$334 ,"1,180",$340 ,"1,172",$349 ,"1,151",$350 ,"1,063",$350 ,1142,$347 ,"1,098",$350 ,"1,097",$350 ,"1,083",$350 ,"1,085",$355 ,1091,$351 ,"1,065",$360 ,"1,071",$370 ,"1,063",$370 ,"1,056",$375 ,1064,$369 ,"1,034",$380 ,985,$380 ,950,$383 ,933,$390 ,976,$383 ,905,$390 ,903,$395 ,940,$400 ,946,$400 ,924,$396 ,943,$400 ,929,$400 ,838,$400 ,772,$400 ,871,$400 
,Group Total,"6,847",$310 ,"6,871",$315 ,"6,971",$320 ,"7,089",$320 ,6945,$316 ,"7,178",$330 ,"7,161",$330 ,"7,348",$335 ,"7,491",$340 ,7295,$334 ,"7,690",$340 ,"7,901",$340 ,"8,010",$340 ,"7,995",$340 ,7899,$340 ,"7,889",$340 ,"7,958",$340 ,"7,919",$340 ,"7,999",$350 ,7941,$343 ,"8,037",$350 ,"7,894",$350 ,"7,856",$350 ,"7,942",$350 ,7932,$350 ,"7,994",$360 ,"8,127",$360 ,"8,318",$360 ,"8,423",$365 ,8216,$361 ,"8,631",$370 ,"8,810",$370 ,"8,871",$375 ,"8,913",$380 ,8806,$374 ,"8,953",$380 ,"9,026",$380 ,"8,992",$390 ,"9,068",$390 ,9010,$385 ,"9,005",$395 ,"8,918",$400 ,"8,877",$400 ,"8,808",$400 ,8902,$399 ,"8,951",$400 ,"8,956",$400 ,"9,083",$405 ,"9,114",$410 ,9026,$404 ,"8,977",$410 ,"8,732",$410 ,"7,966",$415 ,"7,585",$420 ,8315,$414 
South Eastern Melbourne,Berwick,"1,205",$325 ,"1,215",$330 ,"1,260",$340 ,"1,256",$340 ,1234,$334 ,"1,254",$350 ,"1,262",$350 ,"1,257",$350 ,"1,266",$350 ,1260,$350 ,"1,328",$350 ,"1,326",$350 ,"1,345",$350 ,"1,409",$350 ,1352,$350 ,"1,409",$350 ,"1,441",$350 ,"1,432",$350 ,"1,409",$350 ,1423,$350 ,"1,446",$353 ,"1,468",$360 ,"1,519",$360 ,"1,483",$360 ,1479,$358 ,"1,502",$364 ,"1,540",$365 ,"1,571",$370 ,"1,659",$375 ,1568,$369 ,"1,645",$380 ,"1,648",$380 ,"1,663",$380 ,"1,683",$380 ,1660,$380 ,"1,757",$390 ,"1,779",$390 ,"1,844",$390 ,"1,886",$390 ,1817,$390 ,"1,942",$390 ,"2,058",$400 ,"2,130",$400 ,"2,159",$400 ,2072,$398 ,"2,170",$400 ,"2,206",$395 ,"2,165",$395 ,"2,205",$395 ,2187,$396 ,"2,206",$395 ,"2,081",$400 ,"1,922",$400 ,"1,842",$400 ,2013,$399 
,Cranbourne,"1,173",$280 ,"1,240",$290 ,"1,282",$295 ,"1,400",$300 ,1274,$291 ,"1,451",$310 ,"1,474",$315 ,"1,568",$320 ,"1,578",$320 ,1518,$316 ,"1,646",$320 ,"1,697",$325 ,"1,728",$330 ,"1,764",$330 ,1709,$326 ,"1,793",$330 ,"1,768",$330 ,"1,781",$335 ,"1,807",$340 ,1787,$334 ,"1,805",$340 ,"1,909",$340 ,"2,024",$350 ,"2,156",$350 ,1974,$345 ,"2,287",$350 ,"2,399",$350 ,"2,483",$350 ,"2,469",$355 ,2410,$351 ,"2,435",$360 ,"2,430",$360 ,"2,500",$365 ,"2,617",$370 ,2496,$364 ,"2,806",$370 ,"2,993",$375 ,"3,091",$380 ,"3,233",$380 ,3031,$376 ,"3,326",$380 ,"3,497",$380 ,"3,665",$380 ,"3,809",$380 ,3574,$380 ,"3,923",$385 ,"3,991",$390 ,"4,092",$385 ,"4,181",$385 ,4047,$386 ,"4,255",$385 ,"4,119",$390 ,"3,907",$390 ,"3,751",$395 ,4008,$390 
,Dandenong,"1,427",$260 ,"1,408",$270 ,"1,464",$270 ,"1,454",$275 ,1438,$269 ,"1,552",$280 ,"1,653",$280 ,"1,666",$280 ,"1,729",$280 ,1650,$280 ,"1,734",$280 ,"1,754",$290 ,"1,835",$290 ,"1,868",$290 ,1798,$288 ,"1,888",$290 ,"1,924",$290 ,"1,920",$295 ,"1,913",$300 ,1911,$294 ,"1,909",$300 ,"1,890",$300 ,"1,855",$300 ,"1,862",$310 ,1879,$303 ,"1,946",$310 ,"2,094",$300 ,"2,252",$310 ,"2,373",$315 ,2166,$309 ,"2,371",$315 ,"2,299",$320 ,"2,216",$320 ,"2,189",$320 ,2269,$319 ,"2,237",$330 ,"2,241",$330 ,"2,262",$335 ,"2,191",$335 ,2233,$333 ,"2,180",$340 ,"2,130",$340 ,"2,127",$350 ,"2,128",$350 ,2141,$345 ,"2,093",$350 ,"2,125",$350 ,"2,108",$350 ,"2,191",$350 ,2129,$350 ,"2,259",$350 ,"2,184",$350 ,"2,001",$350 ,"1,919",$350 ,2091,$350 
,Dandenong North-Endeavour Hills,"1,189",$280 ,"1,226",$285 ,"1,191",$290 ,"1,208",$300 ,1204,$289 ,"1,226",$300 ,"1,231",$300 ,"1,263",$300 ,"1,268",$300 ,1247,$300 ,"1,258",$300 ,"1,250",$300 ,"1,274",$300 ,"1,261",$300 ,1261,$300 ,"1,319",$300 ,"1,344",$300 ,"1,332",$310 ,"1,329",$310 ,1331,$305 ,"1,287",$310 ,"1,294",$315 ,"1,310",$320 ,"1,333",$320 ,1306,$316 ,"1,342",$320 ,"1,312",$320 ,"1,303",$320 ,"1,298",$325 ,1314,$321 ,"1,317",$330 ,"1,322",$330 ,"1,317",$330 ,"1,328",$335 ,1321,$331 ,"1,320",$340 ,"1,347",$340 ,"1,357",$345 ,"1,390",$350 ,1354,$344 ,"1,412",$350 ,"1,400",$350 ,"1,370",$355 ,"1,348",$355 ,1383,$353 ,"1,378",$358 ,"1,356",$360 ,"1,403",$360 ,"1,417",$360 ,1389,$360 ,"1,378",$360 ,"1,337",$360 ,"1,185",$360 ,"1,109",$360 ,1252,$360 
,Narre Warren-Hampton Park,"1,751",$300 ,"1,772",$300 ,"1,789",$310 ,"1,841",$320 ,1788,$308 ,"1,859",$320 ,"1,854",$320 ,"1,919",$320 ,"1,962",$330 ,1899,$323 ,"2,016",$330 ,"2,070",$330 ,"2,093",$330 ,"2,097",$330 ,2069,$330 ,"2,064",$330 ,"2,096",$330 ,"2,035",$330 ,"2,023",$330 ,2055,$330 ,"2,048",$330 ,"2,049",$340 ,"2,091",$340 ,"2,171",$340 ,2090,$338 ,"2,221",$340 ,"2,192",$340 ,"2,201",$344 ,"2,183",$345 ,2199,$342 ,"2,162",$350 ,"2,220",$350 ,"2,236",$350 ,"2,229",$360 ,2212,$353 ,"2,287",$360 ,"2,297",$360 ,"2,319",$360 ,"2,393",$370 ,2324,$363 ,"2,388",$370 ,"2,393",$370 ,"2,463",$375 ,"2,455",$380 ,2425,$374 ,"2,484",$380 ,"2,494",$380 ,"2,518",$380 ,"2,458",$380 ,2489,$380 ,"2,436",$380 ,"2,329",$380 ,"2,054",$380 ,"1,960",$380 ,2195,$380 
,Noble Park,"1,152",$275 ,"1,143",$280 ,"1,149",$288 ,"1,202",$290 ,1162,$283 ,"1,265",$290 ,"1,267",$290 ,"1,281",$290 ,"1,266",$295 ,1270,$291 ,"1,306",$290 ,"1,340",$295 ,"1,324",$293 ,"1,377",$295 ,1337,$293 ,"1,386",$300 ,"1,417",$300 ,"1,480",$300 ,"1,446",$300 ,1432,$300 ,"1,438",$300 ,"1,441",$300 ,"1,451",$300 ,"1,449",$305 ,1445,$301 ,"1,432",$310 ,"1,444",$310 ,"1,411",$310 ,"1,463",$320 ,1438,$313 ,"1,429",$320 ,"1,467",$320 ,"1,516",$320 ,"1,520",$325 ,1483,$321 ,"1,514",$330 ,"1,435",$330 ,"1,408",$340 ,"1,380",$340 ,1434,$335 ,"1,433",$345 ,"1,432",$350 ,"1,443",$350 ,"1,437",$350 ,1436,$349 ,"1,423",$350 ,"1,421",$350 ,"1,391",$360 ,"1,422",$360 ,1414,$355 ,"1,447",$360 ,"1,405",$360 ,"1,305",$360 ,"1,235",$360 ,1348,$360 
,Pakenham,"1,765",$280 ,"1,789",$285 ,"1,799",$290 ,"1,809",$300 ,1791,$289 ,"1,816",$300 ,"1,884",$300 ,"2,010",$309 ,"2,092",$310 ,1951,$305 ,"2,268",$310 ,"2,355",$310 ,"2,407",$310 ,"2,416",$305 ,2362,$309 ,"2,370",$300 ,"2,337",$300 ,"2,292",$305 ,"2,274",$310 ,2318,$304 ,"2,256",$310 ,"2,229",$310 ,"2,208",$315 ,"2,176",$315 ,2217,$313 ,"2,201",$315 ,"2,206",$320 ,"2,241",$320 ,"2,227",$320 ,2219,$319 ,"2,139",$330 ,"2,105",$330 ,"2,068",$330 ,"2,078",$335 ,2098,$331 ,"2,131",$340 ,"2,204",$340 ,"2,223",$340 ,"2,306",$350 ,2216,$343 ,"2,279",$350 ,"2,203",$350 ,"2,244",$350 ,"2,195",$350 ,2230,$350 ,"2,272",$350 ,"2,299",$350 ,"2,289",$355 ,"2,331",$355 ,2298,$353 ,"2,357",$355 ,"2,364",$350 ,"2,217",$350 ,"2,134",$360 ,2268,$354 
,Springvale,"1,187",$300 ,"1,218",$300 ,"1,262",$300 ,"1,325",$300 ,1248,$300 ,"1,388",$300 ,"1,403",$305 ,"1,405",$310 ,"1,450",$320 ,1412,$309 ,"1,474",$320 ,"1,475",$320 ,"1,568",$320 ,"1,579",$315 ,1524,$319 ,"1,592",$320 ,"1,652",$320 ,"1,591",$320 ,"1,554",$320 ,1597,$320 ,"1,544",$325 ,"1,501",$330 ,"1,481",$330 ,"1,502",$330 ,1507,$329 ,"1,511",$335 ,"1,536",$340 ,"1,593",$346 ,"1,592",$350 ,1558,$343 ,"1,610",$350 ,"1,633",$350 ,"1,648",$350 ,"1,685",$360 ,1644,$353 ,"1,729",$360 ,"1,682",$365 ,"1,735",$370 ,"1,727",$375 ,1718,$368 ,"1,789",$380 ,"1,816",$380 ,"1,805",$380 ,"1,852",$385 ,1816,$381 ,"1,847",$390 ,"1,873",$390 ,"1,888",$395 ,"1,876",$400 ,1871,$394 ,"1,869",$395 ,"1,829",$400 ,"1,705",$400 ,"1,736",$391 ,1785,$397 
,Group Total,"10,849",$285 ,"11,011",$290 ,"11,196",$300 ,"11,495",$300 ,11138,$294 ,"11,811",$300 ,"12,028",$310 ,"12,369",$310 ,"12,611",$310 ,12205,$308 ,"13,030",$315 ,"13,267",$315 ,"13,574",$319 ,"13,771",$315 ,13411,$316 ,"13,821",$320 ,"13,979",$320 ,"13,863",$320 ,"13,755",$320 ,13855,$320 ,"13,733",$320 ,"13,781",$325 ,"13,939",$330 ,"14,132",$330 ,13896,$326 ,"14,442",$330 ,"14,723",$330 ,"15,055",$335 ,"15,264",$340 ,14871,$334 ,"15,108",$340 ,"15,124",$346 ,"15,164",$350 ,"15,329",$350 ,15181,$347 ,"15,781",$350 ,"15,978",$355 ,"16,239",$360 ,"16,506",$360 ,16126,$356 ,"16,749",$365 ,"16,929",$370 ,"17,247",$370 ,"17,383",$370 ,17077,$369 ,"17,590",$375 ,"17,765",$375 ,"17,854",$380 ,"18,081",$380 ,17823,$378 ,"18,207",$380 ,"17,648",$380 ,"16,296",$380 ,"15,686",$380 ,16959,$380 
Mornington Peninsula,Dromana-Portsea,"1,666",$260 ,"1,665",$265 ,"1,651",$270 ,"1,621",$280 ,1651,$269 ,"1,639",$280 ,"1,610",$290 ,"1,673",$290 ,"1,731",$290 ,1663,$288 ,"1,775",$290 ,"1,811",$290 ,"1,767",$295 ,"1,852",$300 ,1801,$294 ,"1,896",$300 ,"1,959",$300 ,"1,961",$300 ,"1,949",$300 ,1941,$300 ,"1,926",$300 ,"1,909",$310 ,"1,947",$310 ,"1,951",$320 ,1933,$310 ,"1,937",$320 ,"1,931",$320 ,"1,969",$325 ,"1,910",$330 ,1937,$324 ,"1,916",$330 ,"1,916",$340 ,"1,884",$340 ,"1,909",$350 ,1906,$340 ,"1,906",$350 ,"1,895",$360 ,"1,902",$360 ,"1,936",$370 ,1910,$360 ,"1,967",$370 ,"2,014",$375 ,"2,007",$375 ,"1,959",$380 ,1987,$375 ,"1,948",$380 ,"1,910",$380 ,"1,925",$385 ,"1,967",$380 ,1938,$381 ,"1,979",$385 ,"1,996",$390 ,"1,855",$395 ,"1,682",$400 ,1878,$393 
,Frankston,"2,708",$265 ,"2,750",$270 ,"2,759",$280 ,"2,758",$283 ,2744,$275 ,"2,691",$290 ,"2,674",$290 ,"2,630",$295 ,"2,663",$295 ,2665,$293 ,"2,798",$295 ,"2,808",$299 ,"2,831",$295 ,"2,818",$300 ,2814,$297 ,"2,741",$300 ,"2,779",$300 ,"2,760",$300 ,"2,807",$300 ,2772,$300 ,"2,831",$300 ,"2,869",$300 ,"2,908",$305 ,"2,931",$310 ,2885,$304 ,"2,947",$310 ,"2,900",$310 ,"2,866",$320 ,"2,792",$320 ,2876,$315 ,"2,824",$325 ,"2,848",$330 ,"2,847",$330 ,"2,806",$330 ,2831,$329 ,"2,726",$335 ,"2,694",$340 ,"2,749",$350 ,"2,857",$350 ,2757,$344 ,"2,893",$350 ,"2,879",$355 ,"2,844",$360 ,"2,718",$360 ,2834,$356 ,"2,690",$360 ,"2,662",$360 ,"2,675",$362 ,"2,760",$365 ,2697,$362 ,"2,785",$370 ,"2,744",$370 ,"2,535",$370 ,"2,399",$375 ,2616,$371 
,Hastings-Flinders,961,$270 ,963,$275 ,976,$280 ,957,$280 ,964,$276 ,925,$290 ,960,$300 ,986,$300 ,"1,035",$300 ,977,$298 ,"1,102",$300 ,"1,084",$300 ,"1,095",$300 ,"1,118",$300 ,1100,$300 ,"1,125",$300 ,"1,116",$300 ,"1,123",$300 ,"1,127",$305 ,1123,$301 ,"1,105",$310 ,"1,135",$310 ,"1,113",$320 ,"1,113",$320 ,1117,$315 ,"1,105",$320 ,"1,093",$320 ,"1,075",$320 ,"1,011",$325 ,1071,$321 ,991,$330 ,956,$340 ,937,$340 ,936,$340 ,955,$338 ,907,$350 ,910,$350 ,904,$360 ,878,$360 ,900,$355 ,838,$370 ,791,$370 ,794,$375 ,801,$375 ,806,$373 ,823,$380 ,837,$385 ,818,$390 ,827,$395 ,826,$388 ,846,$400 ,801,$400 ,776,$400 ,752,$420 ,794,$405 
,Mt Eliza-Mornington-Mt Martha,"1,372",$330 ,"1,368",$340 ,"1,317",$350 ,"1,307",$350 ,1341,$343 ,"1,282",$360 ,"1,275",$360 ,"1,297",$370 ,"1,283",$370 ,1284,$365 ,"1,298",$370 ,"1,352",$370 ,"1,386",$375 ,"1,446",$380 ,1371,$374 ,"1,470",$380 ,"1,468",$380 ,"1,504",$390 ,"1,475",$390 ,1479,$385 ,"1,467",$390 ,"1,457",$390 ,"1,439",$395 ,"1,423",$400 ,1447,$394 ,"1,399",$400 ,"1,360",$405 ,"1,325",$410 ,"1,337",$420 ,1355,$409 ,"1,331",$420 ,"1,353",$425 ,"1,370",$425 ,"1,360",$430 ,1354,$425 ,"1,355",$450 ,"1,343",$450 ,"1,314",$450 ,"1,303",$450 ,1329,$450 ,"1,291",$450 ,"1,278",$460 ,"1,276",$465 ,"1,224",$480 ,1267,$464 ,"1,224",$480 ,"1,214",$490 ,"1,239",$490 ,"1,295",$480 ,1243,$485 ,"1,303",$490 ,"1,329",$485 ,"1,218",$496 ,"1,126",$508 ,1244,$495 
,Seaford-Carrum Downs,"1,515",$280 ,"1,502",$283 ,"1,508",$290 ,"1,509",$295 ,1509,$287 ,"1,539",$300 ,"1,636",$300 ,"1,774",$310 ,"1,866",$310 ,1704,$305 ,"1,896",$310 ,"1,865",$310 ,"1,809",$310 ,"1,817",$310 ,1847,$310 ,"1,856",$315 ,"1,950",$315 ,"1,959",$319 ,"1,987",$320 ,1938,$317 ,"1,985",$320 ,"1,910",$320 ,"1,883",$320 ,"1,847",$320 ,1906,$320 ,"1,769",$325 ,"1,746",$330 ,"1,713",$330 ,"1,680",$330 ,1727,$329 ,"1,680",$340 ,"1,657",$340 ,"1,641",$345 ,"1,686",$350 ,1666,$344 ,"1,718",$350 ,"1,751",$350 ,"1,799",$350 ,"1,771",$360 ,1760,$353 ,"1,759",$360 ,"1,768",$365 ,"1,760",$370 ,"1,828",$370 ,1779,$366 ,"1,835",$370 ,"1,837",$370 ,"1,844",$370 ,"1,773",$370 ,1822,$370 ,"1,746",$375 ,"1,695",$375 ,"1,577",$380 ,"1,529",$380 ,1637,$378 
,Group Total,"8,222",$275 ,"8,248",$280 ,"8,211",$290 ,"8,152",$295 ,8208,$285 ,"8,076",$300 ,"8,155",$300 ,"8,360",$300 ,"8,578",$305 ,8292,$301 ,"8,869",$310 ,"8,920",$310 ,"8,888",$310 ,"9,051",$310 ,8932,$310 ,"9,088",$310 ,"9,272",$310 ,"9,307",$315 ,"9,345",$315 ,9253,$313 ,"9,314",$320 ,"9,280",$320 ,"9,290",$320 ,"9,265",$325 ,9287,$321 ,"9,157",$325 ,"9,030",$330 ,"8,948",$330 ,"8,730",$335 ,8966,$330 ,"8,742",$340 ,"8,730",$345 ,"8,679",$350 ,"8,697",$350 ,8712,$346 ,"8,612",$350 ,"8,593",$360 ,"8,668",$360 ,"8,745",$370 ,8655,$360 ,"8,748",$370 ,"8,730",$375 ,"8,681",$380 ,"8,530",$380 ,8672,$376 ,"8,520",$380 ,"8,460",$380 ,"8,501",$385 ,"8,622",$385 ,8526,$383 ,"8,659",$390 ,"8,565",$390 ,"7,961",$395 ,"7,488",$400 ,8168,$394 